Company Name,Run Date,Category,Summary,Quote,Source,URL,Event Date
Eli Lilly,2026-09-07,ma_activity,[ma_activity] Lilly looks beyond obesity with $2.88B autoimmune buyout,Lilly looks beyond obesity with $2.88B autoimmune buyout,serpapi_news,https://www.thestreet.com/investing/stocks/eli-lilly-lly-merida-biosciences-2-88-billion-acquisition,
Eli Lilly,2026-09-07,new_product,[new_product] Lilly Launches Foundayo in the UK as NICE Review Continues,Lilly Launches Foundayo in the UK as NICE Review Continues,serpapi_news,https://finance.yahoo.com/healthcare/articles/lilly-launches-foundayo-uk-nice-004726812.html,
Eli Lilly,2026-09-07,new_product,[new_product] Eli Lilly gave extraordinary obesity drug access to a 79-year-old patient. Who was it?,Eli Lilly gave extraordinary obesity drug access to a 79-year-old patient. Who was it?,serpapi_news,https://www.statnews.com/2026/06/23/eli-lilly-unusual-weight-loss-drug-trial-compassionate-use-retatrutide-trump/,
Eli Lilly,2026-09-07,new_product,[new_product] Eli Lilly's diabetes drug Mounjaro gets approval for a new use,Eli Lilly's diabetes drug Mounjaro gets approval for a new use,serpapi_news,https://www.usatoday.com/story/money/personal-finance/healthcare/2026/08/28/eli-lilly-drug-mounjaro-lower-heart-attack-risk/91508404007/,
Eli Lilly,2026-09-07,ma_activity,[ma_activity] Lilly to acquire Merida Biosciences to advance treatments for serious autoimmune and allergic diseases,Lilly to acquire Merida Biosciences to advance treatments for serious autoimmune and allergic diseases,serpapi_news,https://www.prnewswire.com/news-releases/lilly-to-acquire-merida-biosciences-to-advance-treatments-for-serious-autoimmune-and-allergic-diseases-302864686.html,
Eli Lilly,2026-09-07,new_product,[new_product] FDA approves Lilly's Mounjaro (tirzepatide) to reduce cardiovascular risk in adults with type 2 diabetes,FDA approves Lilly's Mounjaro (tirzepatide) to reduce cardiovascular risk in adults with type 2 diabetes,serpapi_news,https://investor.lilly.com/news-releases/news-release-details/fda-approves-lillys-mounjaro-tirzepatide-reduce-cardiovascular,2026-08-28
Eli Lilly,2026-09-07,other,[other] Eli Lilly expands US pharmaceutical manufacturing with over US$50bn investment,Eli Lilly expands US pharmaceutical manufacturing with over US$50bn investment,serpapi_news,https://www.scientistlive.com/eli-lilly-expands-us-pharmaceutical-manufacturing-with-over-us50bn-investment/,
Eli Lilly,2026-09-07,ma_activity,[ma_activity] Eli Lilly inks $2.88B Merida buyout for autoimmune drugs against rogue antibodies,Eli Lilly inks $2.88B Merida buyout for autoimmune drugs against rogue antibodies,serpapi_news,https://www.fiercebiotech.com/biotech/eli-lilly-inks-29b-merida-buyout-autoimmune-drugs-against-rogue-antibodies,
Eli Lilly,2026-09-07,ma_activity,[ma_activity] Eli Lilly to Buy Merida Biosciences for Up to $2.875 Billion,Eli Lilly to Buy Merida Biosciences for Up to $2.875 Billion,serpapi_news,https://www.wsj.com/health/pharma/eli-lilly-to-buy-merida-biosciences-for-up-to-2-875-billion-91c1d351,
Eli Lilly,2026-09-07,new_product,[new_product] Eli Lilly launches oral weight-loss drug Foundayo in UK,Eli Lilly launches oral weight-loss drug Foundayo in UK,serpapi_news,https://www.reuters.com/legal/litigation/eli-lilly-launches-oral-weight-loss-pill-foundayo-uk-2026-08-23/,
Eli Lilly,2026-09-07,new_product,"[new_product] Roche, Eli Lilly's Alzheimer's blood test gets FDA clearance","Roche, Eli Lilly's Alzheimer's blood test gets FDA clearance",serpapi_news,https://www.reuters.com/legal/litigation/roche-eli-lillys-alzheimers-blood-test-gets-fda-clearance-2026-08-24/,
Eli Lilly,2026-09-07,new_product,[new_product] Zepbound linked to lower healthcare costs in adults over age 55 with obesity according to a real-world study,Zepbound linked to lower healthcare costs in adults over age 55 with obesity according to a real-world study,serpapi_news,https://investor.lilly.com/news-releases/news-release-details/zepbound-linked-lower-healthcare-costs-adults-over-age-55,
Eli Lilly,2026-09-07,new_product,[new_product] New Phase 3b data on Lilly's Taltz (ixekizumab) and Zepbound (tirzepatide) used together showed improved and durable efficacy at one year in adults with psoriatic disease and obesity,New Phase 3b data on Lilly's Taltz (ixekizumab) and Zepbound (tirzepatide) used together showed improved and durable efficacy at one year in adults with psoriatic disease and obesity,serpapi_news,https://investor.lilly.com/news-releases/news-release-details/new-phase-3b-data-lillys-taltz-ixekizumab-and-zepbound,
Eli Lilly,2026-09-07,new_product,[new_product] Lilly's olomorasib receives U.S. FDA's Breakthrough Therapy designation for the treatment of previously treated KRAS G12C-mutant advanced pancreatic cancer,Lilly's olomorasib receives U.S. FDA's Breakthrough Therapy designation for the treatment of previously treated KRAS G12C-mutant advanced pancreatic cancer,serpapi_news,https://investor.lilly.com/news-releases/news-release-details/lillys-olomorasib-receives-us-fdas-breakthrough-therapy-0,
Eli Lilly,2026-09-07,ma_activity,[ma_activity] Lilly to acquire AtaiBeckley to advance therapies for treatment-resistant depression and other mental health conditions,Lilly to acquire AtaiBeckley to advance therapies for treatment-resistant depression and other mental health conditions,serpapi_news,https://investor.lilly.com/news-releases/news-release-details/lilly-acquire-ataibeckley-advance-therapies-treatment-resistant,
Eli Lilly,2026-09-07,new_product,"[new_product] Lilly's triple agonist, retatrutide, successful in two additional Phase 3 obesity trials, delivering significant improvements in weight and A1C","Lilly's triple agonist, retatrutide, successful in two additional Phase 3 obesity trials, delivering significant improvements in weight and A1C",serpapi_news,https://investor.lilly.com/news-releases/news-release-details/lillys-triple-agonist-retatrutide-successful-two-additional,
Eli Lilly,2026-09-07,ma_activity,[ma_activity] Eli Lilly to Buy Immunology Biotech Merida Biosciences in $2.9B Deal,Eli Lilly to Buy Immunology Biotech Merida Biosciences in $2.9B Deal,serpapi_news,https://finance.yahoo.com/healthcare/articles/eli-lilly-buy-immunology-biotech-171000061.html,2026-09-01
Eli Lilly,2026-09-07,ma_activity,[ma_activity] Lilly announces three acquisitions to build infectious disease portfolio,Lilly announces three acquisitions to build infectious disease portfolio,serpapi_news,https://investor.lilly.com/news-releases/news-release-details/lilly-announces-three-acquisitions-build-infectious-disease,2026-05-26
Eli Lilly,2026-09-07,ma_activity,"[ma_activity] Lilly pens $370M deal with OmniAb for ion channel collab, but details remain vague","Lilly pens $370M deal with OmniAb for ion channel collab, but details remain vague",serpapi_news,https://www.fiercebiotech.com/biotech/lilly-pens-370m-deal-omniab-ion-channel-collab-details-remain-vague,2026-08-17
Eli Lilly,2026-09-07,ma_activity,[ma_activity] Lilly to acquire Centessa Pharmaceuticals to advance treatments for sleep-wake disorders,Lilly to acquire Centessa Pharmaceuticals to advance treatments for sleep-wake disorders,serpapi_news,https://investor.lilly.com/news-releases/news-release-details/lilly-acquire-centessa-pharmaceuticals-advance-treatments-sleep,2026-03-31
Eli Lilly,2026-09-07,new_product,"[new_product] Lilly's triple agonist, retatrutide, delivered powerful weight loss in pivotal Phase 3 obesity trial","Lilly's triple agonist, retatrutide, delivered powerful weight loss in pivotal Phase 3 obesity trial",serpapi_news,https://investor.lilly.com/news-releases/news-release-details/lillys-triple-agonist-retatrutide-delivered-powerful-weight-loss,2026-05-21
Eli Lilly,2026-09-07,new_product,[new_product] Eli Lilly takes weight-loss pill battle global with first Foundayo approval in Europe,Eli Lilly takes weight-loss pill battle global with first Foundayo approval in Europe,serpapi_news,https://www.cnbc.com/2026/08/11/foundayo-eli-lilly-wegovy-pill-uk.html,2026-08-11
Eli Lilly,2026-09-07,new_product,"[new_product] FDA approves Lilly's Foundayo™ (orforglipron), the only GLP-1 pill for weight loss that can be taken any time of day without food or water restrictions","FDA approves Lilly's Foundayo™ (orforglipron), the only GLP-1 pill for weight loss that can be taken any time of day without food or water restrictions",serpapi_news,https://investor.lilly.com/news-releases/news-release-details/fda-approves-lillys-foundayotm-orforglipron-only-glp-1-pill,2026-04-01
Merck & Co.,2026-09-07,other,[other] Merck eyes expansion of Montgomery County campus amid $2.9B investment,Merck eyes expansion of Montgomery County campus amid $2.9B investment,serpapi_news,https://www.bizjournals.com/philadelphia/news/2026/08/06/merck-west-point-campus-29b-vaccines-research.html,
Merck & Co.,2026-09-07,ma_activity,"[ma_activity] India's Cipla, China's Qilu partner for US launch of Merck's Keytruda biosimilar","India's Cipla, China's Qilu partner for US launch of Merck's Keytruda biosimilar",serpapi_news,https://www.reuters.com/legal/litigation/indias-cipla-chinas-qilu-partner-us-launch-mercks-keytruda-biosimilar-2026-09-03/,
Merck & Co.,2026-09-07,ma_activity,[ma_activity] Merck and Sarah Cannon team up for oncology trial efficiency,Merck and Sarah Cannon team up for oncology trial efficiency,serpapi_news,https://www.fiercebiotech.com/cro/merck-and-sarah-cannon-team-boost-oncology-trial-efficiency,
Merck & Co.,2026-09-07,new_product,"[new_product] Received U.S. FDA Approval for LIPFENDRA (enlicitide), the First and Only Once-Daily Oral PCSK9 Inhibitor To Reduce LDL-C in Adults With Hypercholesterolemia","Received U.S. FDA Approval for LIPFENDRA (enlicitide), the First and Only Once-Daily Oral PCSK9 Inhibitor To Reduce LDL-C in Adults With Hypercholesterolemia",exa_q1,https://www.merck.com/news/merck-highlights-key-regulatory-and-clinical-milestones-across-broad-diverse-pipeline/,2026-08-04
Merck & Co.,2026-09-07,new_product,[new_product] Announced Positive Data From TroFuse-005 Trial Evaluating Sacituzumab Tirumotecan (sac-TMT) in Certain Patients With Advanced or Recurrent Endometrial Cancer,Announced Positive Data From TroFuse-005 Trial Evaluating Sacituzumab Tirumotecan (sac-TMT) in Certain Patients With Advanced or Recurrent Endometrial Cancer,exa_q1,https://www.merck.com/news/merck-highlights-key-regulatory-and-clinical-milestones-across-broad-diverse-pipeline/,2026-08-04
Merck & Co.,2026-09-07,new_product,"[new_product] Announced Positive Phase 3 Results From Once-Weekly Investigational Oral HIV Treatment Regimen of Islatravir and Lenacapavir, in Collaboration With Gilead","Announced Positive Phase 3 Results From Once-Weekly Investigational Oral HIV Treatment Regimen of Islatravir and Lenacapavir, in Collaboration With Gilead",exa_q1,https://www.merck.com/news/merck-highlights-key-regulatory-and-clinical-milestones-across-broad-diverse-pipeline/,2026-08-04
Merck & Co.,2026-09-07,ma_activity,[ma_activity] GAAP Loss per Share Was $0.54; Non-GAAP Loss per Share Was $0.13; GAAP and Non-GAAP Loss per Share Include a Charge of $2.31 per Share for the Acquisition of Terns,GAAP Loss per Share Was $0.54; Non-GAAP Loss per Share Was $0.13; GAAP and Non-GAAP Loss per Share Include a Charge of $2.31 per Share for the Acquisition of Terns,exa_q1,https://www.merck.com/news/merck-highlights-key-regulatory-and-clinical-milestones-across-broad-diverse-pipeline/,2026-08-04
Merck & Co.,2026-09-07,new_product,[new_product] Merck and Moderna Announce Phase 3 INTerpath-001 Trial of Intismeran Autogene Plus KEYTRUDA® Met Endpoints of Recurrence-Free Survival (RFS) and Distant Metastasis-Free Survival (DMFS) in Patients Wit,Merck and Moderna Announce Phase 3 INTerpath-001 Trial of Intismeran Autogene Plus KEYTRUDA® Met Endpoints of Recurrence-Free Survival (RFS) and Distant Metastasis-Free Survival (DMFS) in Patients With Completely Resected Stage IIB-IV Melanoma,exa_q1,https://www.merck.com/media/news/,2026-08-19
Merck & Co.,2026-09-07,new_product,[new_product] U.S. FDA Accepts sBLA for ENFLONSIA™ (clesrovimab-cfor) to Update its Respiratory Syncytial Virus (RSV) Lower Respiratory Tract Disease Indication to Include Children Under Two Years at Increased Risk,U.S. FDA Accepts sBLA for ENFLONSIA™ (clesrovimab-cfor) to Update its Respiratory Syncytial Virus (RSV) Lower Respiratory Tract Disease Indication to Include Children Under Two Years at Increased Risk for Severe RSV for Their Second Season,exa_q1,https://www.merck.com/media/news/,2026-08-06
Merck & Co.,2026-09-07,new_product,[new_product] Investigational Once-weekly Oral HIV Treatment Regimen of Islatravir and Lenacapavir Maintained Virological Suppression in Adults With HIV Who Switched Antiretroviral Therapy,Investigational Once-weekly Oral HIV Treatment Regimen of Islatravir and Lenacapavir Maintained Virological Suppression in Adults With HIV Who Switched Antiretroviral Therapy,exa_q1,https://www.merck.com/media/news/,2026-07-21
Merck & Co.,2026-09-07,new_product,[new_product] Merck’s LIPFENDRA® (enlicitide) is the First and Only Once-Daily Oral PCSK9 Inhibitor Approved by the U.S. FDA to Reduce LDL-C in Adults with Hypercholesterolemia,Merck’s LIPFENDRA® (enlicitide) is the First and Only Once-Daily Oral PCSK9 Inhibitor Approved by the U.S. FDA to Reduce LDL-C in Adults with Hypercholesterolemia,exa_q1,https://www.merck.com/media/news/,2026-07-16
Merck & Co.,2026-09-07,new_product,[new_product] KEYTRUDA® (pembrolizumab) as Monotherapy Significantly Improved Progression-Free Survival (PFS) in Certain Patients With Advanced or Recurrent Endometrial Cancer With Mismatch Repair Deficient (dMMR) ,KEYTRUDA® (pembrolizumab) as Monotherapy Significantly Improved Progression-Free Survival (PFS) in Certain Patients With Advanced or Recurrent Endometrial Cancer With Mismatch Repair Deficient (dMMR) Tumors Compared to Chemotherapy,exa_q1,https://www.merck.com/media/news/,2026-07-15
Merck & Co.,2026-09-07,new_product,[new_product] the U.S. Food and Drug Administration (FDA) has accepted a supplemental Biologics License Application (sBLA) for ENFLONSIA™ (clesrovimab-cfor) to expand its indication to include prevention of respira,the U.S. Food and Drug Administration (FDA) has accepted a supplemental Biologics License Application (sBLA) for ENFLONSIA™ (clesrovimab-cfor) to expand its indication to include prevention of respiratory syncytial virus (RSV) lower respiratory tract disease (LRTD) in children under two years of age at increased risk for severe RSV disease through their second RSV season.,exa_q1,https://www.merck.com/news/u-s-fda-accepts-sbla-for-enflonsia-clesrovimab-cfor-to-update-its-respiratory-syncytial-virus-rsv-lower-respiratory-tract-disease-indication-to-include-children-under-two-years-at-increa/,2026-08-06
Merck & Co.,2026-09-07,new_product,"[new_product] In July 2026, the European Medicines Agency (EMA) accepted the application to expand marketing authorization for ENFLONSIA in the European Union (EU) for the same population.","In July 2026, the European Medicines Agency (EMA) accepted the application to expand marketing authorization for ENFLONSIA in the European Union (EU) for the same population.",exa_q1,https://www.merck.com/news/u-s-fda-accepts-sbla-for-enflonsia-clesrovimab-cfor-to-update-its-respiratory-syncytial-virus-rsv-lower-respiratory-tract-disease-indication-to-include-children-under-two-years-at-increa/,2026-07-01
Merck & Co.,2026-09-07,ma_activity,"[ma_activity] Merck (NYSE: MRK), known as MSD outside of the United States and Canada, and Terns Pharmaceuticals, Inc. (“Terns”) (Nasdaq: TERN), a clinical-stage oncology company, today announced that the companies","Merck (NYSE: MRK), known as MSD outside of the United States and Canada, and Terns Pharmaceuticals, Inc. (“Terns”) (Nasdaq: TERN), a clinical-stage oncology company, today announced that the companies have entered into a definitive agreement under which Merck, through a subsidiary, will acquire Terns for $53.00 per share in cash for an approximate equity value of $6.7 billion.",exa_q3,https://www.merck.com/news/merck-to-acquire-terns-pharmaceuticals-inc-expanding-its-hematology-pipeline-with-tern-701-a-novel-candidate-for-chronic-myeloid-leukemia-cml/,2026-03-25
Merck & Co.,2026-09-07,ma_activity,"[ma_activity] Merck (NYSE: MRK), known as MSD outside of the United States and Canada, today announced the successful completion of the acquisition of Terns Pharmaceuticals, Inc. (“Terns”) (Nasdaq: TERN).","Merck (NYSE: MRK), known as MSD outside of the United States and Canada, today announced the successful completion of the acquisition of Terns Pharmaceuticals, Inc. (“Terns”) (Nasdaq: TERN).",exa_q3,https://www.merck.com/news/merck-completes-acquisition-of-terns-pharmaceuticals-inc/,2026-05-05
Merck & Co.,2026-09-07,new_product,[new_product] TERN-701 was recently granted Breakthrough Therapy Designation (BTD) by the U.S. Food and Drug Administration (FDA) for the treatment of adults with Philadelphia chromosome-positive chronic myeloid le,TERN-701 was recently granted Breakthrough Therapy Designation (BTD) by the U.S. Food and Drug Administration (FDA) for the treatment of adults with Philadelphia chromosome-positive chronic myeloid leukemia (CML) in the chronic phase without the T315I mutation previously treated with two or more tyrosine kinase inhibitors (TKIs).,exa_q3,https://www.merck.com/news/merck-completes-acquisition-of-terns-pharmaceuticals-inc/,
Merck & Co.,2026-09-07,ma_activity,"[ma_activity] Merck (NYSE: MRK), known as MSD outside of the United States and Canada, today announced the successful completion of the cash tender offer, through a subsidiary, for all the outstanding shares of com","Merck (NYSE: MRK), known as MSD outside of the United States and Canada, today announced the successful completion of the cash tender offer, through a subsidiary, for all the outstanding shares of common stock of Cidara Therapeutics, Inc. (Nasdaq: CDTX) (“Cidara”).",exa_q3,https://www.merck.com/news/merck-to-complete-acquisition-of-cidara-therapeutics/,2026-01-07
Merck & Co.,2026-09-07,ma_activity,"[ma_activity] Merck (NYSE: MRK), known as MSD outside of the United States and Canada, and Cidara Therapeutics, Inc. (Nasdaq: CDTX) (“Cidara”), a biotechnology company developing drug-Fc conjugate (DFC) therapeutic","Merck (NYSE: MRK), known as MSD outside of the United States and Canada, and Cidara Therapeutics, Inc. (Nasdaq: CDTX) (“Cidara”), a biotechnology company developing drug-Fc conjugate (DFC) therapeutics, today announced that the companies have entered into a definitive agreement under which Merck, through a subsidiary, will acquire Cidara for $221.50 per share in cash, for a total transaction value of approximately $9.2 billion.",exa_q3,https://www.merck.com/news/merck-to-acquire-cidara-therapeutics-inc-diversifying-its-portfolio-to-include-late-phase-antiviral-agent/,2025-11-14
Merck & Co.,2026-09-07,ma_activity,"[ma_activity] Merck (NYSE: MRK), known as MSD outside of the United States and Canada, and Verona Pharma plc (Nasdaq: VRNA) (“Verona Pharma”), a biopharmaceutical company focused on respiratory diseases, today anno","Merck (NYSE: MRK), known as MSD outside of the United States and Canada, and Verona Pharma plc (Nasdaq: VRNA) (“Verona Pharma”), a biopharmaceutical company focused on respiratory diseases, today announced that the companies have entered into a definitive agreement under which Merck, through a subsidiary, will acquire Verona Pharma for $107 per American Depository Share (ADS), each of which represents eight Verona Pharma ordinary shares, for a total transaction value of approximately $10 billion.",exa_q3,https://www.merck.com/news/merck-to-acquire-verona-pharma-expanding-its-portfolio-to-include-ohtuvayre-ensifentrine-a-first-in-class-copd-maintenance-treatment-for-adults-and-expected-to-drive-growth-into-the-next-dec/,2025-07-09
Merck & Co.,2026-09-07,new_product,[new_product] The U.S. Food and Drug Administration approved Ohtuvayre in June 2024 for the maintenance treatment of chronic obstructive pulmonary disease (COPD) in adult patients.,The U.S. Food and Drug Administration approved Ohtuvayre in June 2024 for the maintenance treatment of chronic obstructive pulmonary disease (COPD) in adult patients.,exa_q3,https://www.merck.com/news/merck-to-acquire-verona-pharma-expanding-its-portfolio-to-include-ohtuvayre-ensifentrine-a-first-in-class-copd-maintenance-treatment-for-adults-and-expected-to-drive-growth-into-the-next-dec/,2024-06-01
Merck & Co.,2026-09-07,other,"[other] Merck (NYSE: MRK), known as MSD outside the United States and Canada, today announced that Kenneth C. Frazier, chairman and chief executive officer, will retire as CEO, effective June 30, 2021.","Merck (NYSE: MRK), known as MSD outside the United States and Canada, today announced that Kenneth C. Frazier, chairman and chief executive officer, will retire as CEO, effective June 30, 2021.",exa_q2,https://www.businesswire.com/news/home/20210204005330/en,2021-02-04
Merck & Co.,2026-09-07,other,"[other] The Merck board of directors has unanimously elected Robert M. Davis, Merck’s current executive vice president, global services and chief financial officer, as chief executive officer, as well as a me","The Merck board of directors has unanimously elected Robert M. Davis, Merck’s current executive vice president, global services and chief financial officer, as chief executive officer, as well as a member of the board, effective July 1, 2021.",exa_q2,https://www.businesswire.com/news/home/20210204005330/en,2021-02-04
Pfizer,2026-09-07,ma_activity,"[ma_activity] Pfizer punts Seagen ADC, further muddying value of the $43B buyout","Pfizer punts Seagen ADC, further muddying value of the $43B buyout",serpapi_news,https://www.biospace.com/deals/pfizer-punts-seagen-adc-further-muddying-value-of-the-43b-buyout,2026-09-04
Pfizer,2026-09-07,ma_activity,[ma_activity] Pfizer offloads scrapped Seagen ADC to Medicus Pharma in up to $1B+ deal,Pfizer offloads scrapped Seagen ADC to Medicus Pharma in up to $1B+ deal,serpapi_news,https://www.fiercebiotech.com/biotech/pfizer-offloads-scrapped-seagen-adc-medicus-pharma-1b-deal,2026-09-03
Pfizer,2026-09-07,ma_activity,[ma_activity] Pfizer hands off ex-Seagen ADC to Medicus in $1B deal,Pfizer hands off ex-Seagen ADC to Medicus in $1B deal,serpapi_news,https://firstwordpharma.com/story/7947488,2026-09-04
Pfizer,2026-09-07,new_product,[new_product] FDA Approves Pfizer-BioNTech XFG-Adapted COVID-19 Vaccine for 2026-27 Season,FDA Approves Pfizer-BioNTech XFG-Adapted COVID-19 Vaccine for 2026-27 Season,serpapi_news,https://www.patientcareonline.com/view/fda-approves-pfizer-biontech-xfg-adapted-covid-19-vaccine-for-2026-27-season,2026-09-03
Pfizer,2026-09-07,new_product,[new_product] Pfizer’s Lyme disease vaccine shows 70% efficacy,Pfizer’s Lyme disease vaccine shows 70% efficacy,serpapi_news,https://www.medicaleconomics.com/view/pfizer-s-lyme-disease-vaccine-shows-70-efficacy-texas-man-sentenced-to-12-5-years-in-61-5m-medicare-telemarketing-fraud-scheme-novo-nordisk-launches-wegovy-subscription-model-morning-medical-update,2026-09-04
Pfizer,2026-09-07,ma_activity,"[ma_activity] Novartis India to Acquire Pfizer’s Minipress Trademarks for Rs 1,250 Crore","Novartis India to Acquire Pfizer’s Minipress Trademarks for Rs 1,250 Crore",serpapi_news,https://www.chemanalyst.com/NewsAndDeals/NewsDetails/novartis-india-to-acquire-pfizers-minipress-trademarks-44314,2026-09-07
Pfizer,2026-09-07,ma_activity,"[ma_activity] Novartis India Ltd to acquire BP drug trademarks from Pfizer Inc, for ₹1,250 crore","Novartis India Ltd to acquire BP drug trademarks from Pfizer Inc, for ₹1,250 crore",serpapi_news,https://www.thehindubusinessline.com/companies/novartis-india-ltd-to-acquire-bp-drug-trademarks-from-pfizer-inc-for-1250-crore/article71438937.ece,2026-09-07
Pfizer,2026-09-07,ma_activity,"[ma_activity] Pfizer, Medicus ink licensing deal worth up to $1B for antibody drug conjugate","Pfizer, Medicus ink licensing deal worth up to $1B for antibody drug conjugate",serpapi_news,https://seekingalpha.com/news/4640029-pfizer-medicus-ink-licensing-deal-worth-1b,2026-09-03
Pfizer,2026-09-07,ma_activity,[ma_activity] Pfizer inks an ADC deal,Pfizer inks an ADC deal,serpapi_news,https://finance.yahoo.com/healthcare/articles/ionis-rare-neurology-drug-approved-090000346.html,2026-09-04
Pfizer,2026-09-07,new_product,[new_product] Pfizer and BioNTech’s XFG-adapted COVID-19 vaccine approved by US FDA,Pfizer and BioNTech’s XFG-adapted COVID-19 vaccine approved by US FDA,serpapi_news,https://pmlive.com/pharma_news/pfizer-and-biontechs-xfg-adapted-covid-19-vaccine-approved-by-us-fda/,2026-09-04
Pfizer,2026-09-07,other,[other] Pfizer expands multibillion-dollar cost-cutting plan,Pfizer expands multibillion-dollar cost-cutting plan,serpapi_news,https://www.biopharmadive.com/news/pfizer-cost-cuts-savings-2q-2026-earnings/826930/,2026-08-04
Pfizer,2026-09-07,other,[other] Pfizer (PFE) Reaches Confidential Settlement In Depo Provera Litigation,Pfizer (PFE) Reaches Confidential Settlement In Depo Provera Litigation,serpapi_news,https://finance.yahoo.com/healthcare/articles/pfizer-pfe-reaches-confidential-settlement-202225133.html,2026-08-31
Pfizer,2026-09-07,new_product,[new_product] European Commission Authorizes Pfizer and BioNTech XFG-adapted COVID-19 Vaccine in the European Union,European Commission Authorizes Pfizer and BioNTech XFG-adapted COVID-19 Vaccine in the European Union,serpapi_news,https://www.biontech.com/int/en/home/mediaroom/news/press-releases/2026/07/European-Commission-Authorizes-Pfizer-and-BioNTech-XFG-adapted-COVID-19-Vaccine-in-the-European-Union.html,2026-07-29
Pfizer,2026-09-07,new_product,[new_product] FDA Approves Updated COVID-19 Vaccines for 2026-2027,FDA Approves Updated COVID-19 Vaccines for 2026-2027,serpapi_news,https://respiratory-therapy.com/products-treatment/industry-regulatory-news/fda-approvals/fda-approves-updated-covid-19-vaccines-2026-2027/,2026-09-03
Pfizer,2026-09-07,new_product,[new_product] Pfizer (PFE) Gets EMA Lyme Vaccine Filing Validation As ADC Patent Clout Grows,Pfizer (PFE) Gets EMA Lyme Vaccine Filing Validation As ADC Patent Clout Grows,serpapi_news,https://finance.yahoo.com/healthcare/articles/pfizer-pfe-gets-ema-lyme-171355398.html,2026-08-18
Pfizer,2026-09-07,new_product,[new_product] Pfizer axes ex-Metsera obesity asset and GIPR prospect in quarterly clearout,Pfizer axes ex-Metsera obesity asset and GIPR prospect in quarterly clearout,serpapi_news,https://www.fiercebiotech.com/biotech/pfizer-axes-ex-metsera-obesity-asset-and-gipr-prospect-quarterly-clearout,2026-08-04
Pfizer,2026-09-07,new_product,[new_product] Pfizer drug acquired in Seagen deal disappoints in lung cancer study,Pfizer drug acquired in Seagen deal disappoints in lung cancer study,serpapi_news,https://www.biopharmadive.com/news/pfizer-sigvotatug-vedotin-lung-cancer-results-seagen/823501/,2026-06-23
Pfizer,2026-09-07,new_product,[new_product] How Pfizer’s Higher 2026 Guidance And LITFULO Trial Results At Pfizer (PFE) Have Changed Its Investment Story,How Pfizer’s Higher 2026 Guidance And LITFULO Trial Results At Pfizer (PFE) Have Changed Its Investment Story,serpapi_news,https://finance.yahoo.com/healthcare/articles/pfizer-higher-2026-guidance-litfulo-151241315.html,2026-08-13
Pfizer,2026-09-07,ma_activity,"[ma_activity] Novartis India Acquires Pfizer's Minipress for ₹1,250 Cr","Novartis India Acquires Pfizer's Minipress for ₹1,250 Cr",serpapi_news,https://money.rediff.com/news/market/novartis-india-acquires-pfizer-s-minipress-for-1-250-cr/53874620260907,2026-09-07
Pfizer,2026-09-07,ma_activity,"[ma_activity] Novartis India to acquire Minipress, Pfizer’s high blood pressure drug, for ₹1,250 crore","Novartis India to acquire Minipress, Pfizer’s high blood pressure drug, for ₹1,250 crore",serpapi_news,https://www.cnbctv18.com/market/novartis-india-share-price-acquire-minipress-pfizers-high-blood-pressure-drug-rs-1250-crore-19985424.htm,2026-09-07
Pfizer,2026-09-07,ma_activity,"[ma_activity] Pfizer, Innovent strike $10B cancer drug deal","Pfizer, Innovent strike $10B cancer drug deal",serpapi_news,https://www.biopharmadive.com/news/pfizer-innovent-china-adc-cancer-drug-deal/821444/,2026-05-29
Pfizer,2026-09-07,ma_activity,"[ma_activity] Innovent Biologics, Pfizer strike $10.5 bln cancer drug deal amid China biotech boom","Innovent Biologics, Pfizer strike $10.5 bln cancer drug deal amid China biotech boom",serpapi_news,https://www.reuters.com/legal/litigation/chinas-innovent-biologics-pfizer-strike-up-105-billion-cancer-drug-deal-2026-05-28/,2026-05-28
Pfizer,2026-09-07,ma_activity,[ma_activity] Pfizer CEO defends $7B bolt-on M&A strategy as peers rush to buy,Pfizer CEO defends $7B bolt-on M&A strategy as peers rush to buy,serpapi_news,https://www.biospace.com/business/pfizer-ceo-defends-7b-bolt-on-m-a-strategy-as-peers-rush-to-buy,2026-08-04
Pfizer,2026-09-07,ma_activity,[ma_activity] Former Everett Pfizer facility finds new buyer,Former Everett Pfizer facility finds new buyer,serpapi_news,https://www.heraldnet.com/2026/08/14/former-everett-pfizer-facility-finds-new-buyer/,2026-08-14
Roche,2026-09-07,new_product,[new_product] Major trial of Roche Alzheimer's drug kicks off in Europe,Major trial of Roche Alzheimer's drug kicks off in Europe,serpapi_news,https://pharmaphorum.com/news/major-trial-roche-alzheimers-drug-kicks-europe,2026-09-07
Roche,2026-09-07,new_product,[new_product] Why Roche is 'really excited' about a UCN2 analog for obesity after seeing preclinical data,Why Roche is 'really excited' about a UCN2 analog for obesity after seeing preclinical data,serpapi_news,https://www.fiercebiotech.com/biotech/why-roche-was-really-excited-using-ucn2-analog-treat-obesity-after-viewing-preclinical-data,2026-09-03
Roche,2026-09-07,new_product,[new_product] Formosa Files European Trial Application For Roche’s Kadcyla Biosimilar,Formosa Files European Trial Application For Roche’s Kadcyla Biosimilar,serpapi_news,https://insights.citeline.com/generics-bulletin/products/biosimilars/formosa-files-european-trial-application-for-roches-kadcyla-biosimilar-L4LCBWCIXNHLPOEZV3M5DSTOQ4/,2026-09-07
Roche,2026-09-07,other,[other] Andrew Joyce: Excited to Join Roche as Head of Corporate Strategy and Sustainability Communications,Andrew Joyce: Excited to Join Roche as Head of Corporate Strategy and Sustainability Communications,serpapi_news,https://oncodaily.com/career/andrew-joyce-581990,2026-09-07
Roche,2026-09-07,ma_activity,[ma_activity] Roche signs global licensing pact for Simcere's experimental blood cancer drug,Roche signs global licensing pact for Simcere's experimental blood cancer drug,serpapi_news,https://www.reuters.com/legal/litigation/roche-signs-global-licensing-pact-simceres-experimental-blood-cancer-drug-2026-09-01/,2026-09-01
Roche,2026-09-07,ma_activity,[ma_activity] Roche licenses Simcere Zaiming's SIM0660 tri-specific antibody in deal worth up to $1.53bn,Roche licenses Simcere Zaiming's SIM0660 tri-specific antibody in deal worth up to $1.53bn,serpapi_news,https://app.dealroom.co/news/note/roche-licenses-simcere-zaiming-s-sim0660-tri-specific-antibody-in-deal-worth-up-to-1-53bn,2026-09-07
Roche,2026-09-07,new_product,"[new_product] Roche receives FDA clearance for Elecsys® pTau217, advancing Alzheimer's disease assessment across primary and specialty care","Roche receives FDA clearance for Elecsys® pTau217, advancing Alzheimer's disease assessment across primary and specialty care",serpapi_news,https://www.prnewswire.com/news-releases/roche-receives-fda-clearance-for-elecsys-ptau217-advancing-alzheimers-disease-assessment-across-primary-and-specialty-care-302857619.html,2026-08-24
Roche,2026-09-07,ma_activity,[ma_activity] Roche finds another oncology gem in Asia with $1.5B B cell disease partnership,Roche finds another oncology gem in Asia with $1.5B B cell disease partnership,serpapi_news,https://www.biospace.com/drug-development/roche-finds-another-oncology-gem-in-asia-with-1-5b-b-cell-disease-partnership,2026-09-01
Roche,2026-09-07,ma_activity,[ma_activity] Roche commits to lean-mass preservation with Hanmi obesity deal,Roche commits to lean-mass preservation with Hanmi obesity deal,serpapi_news,https://www.biopharmadive.com/news/roche-lean-mass-preservation-hanmi-obesity-deal/828579/,2026-08-24
Roche,2026-09-07,ma_activity,[ma_activity] Roche inks $1.53B deal for Simcere’s B-cell-targeting antibody,Roche inks $1.53B deal for Simcere’s B-cell-targeting antibody,serpapi_news,https://www.fiercebiotech.com/biotech/roche-inks-153-billion-biobucks-deal-simceres-b-cell-targeting-antibody,2026-09-01
Roche,2026-09-07,new_product,"[new_product] Roche, Eli Lilly's Alzheimer's blood test gets FDA clearance","Roche, Eli Lilly's Alzheimer's blood test gets FDA clearance",serpapi_news,https://www.reuters.com/legal/litigation/roche-eli-lillys-alzheimers-blood-test-gets-fda-clearance-2026-08-24/,2026-08-24
Roche,2026-09-07,new_product,[new_product] Roche Holding (SWX:ROP) Received FDA Clearance For An Alzheimer’s Blood Test,Roche Holding (SWX:ROP) Received FDA Clearance For An Alzheimer’s Blood Test,serpapi_news,https://finance.yahoo.com/healthcare/articles/roche-holding-swx-rop-received-230554915.html,2026-09-05
Roche,2026-09-07,ma_activity,[ma_activity] Roche pens $2.5B pact for Hanmi’s clinical-stage obesity drug targeting less-explored mechanism,Roche pens $2.5B pact for Hanmi’s clinical-stage obesity drug targeting less-explored mechanism,serpapi_news,https://www.fiercebiotech.com/biotech/roche-pens-25b-pact-hanmis-clinical-stage-obesity-drug-targeting-less-used-mechanism,2026-08-24
Roche,2026-09-07,other,[other] Roche earmarks $750M to double the size of its Oregon manufacturing facility,Roche earmarks $750M to double the size of its Oregon manufacturing facility,serpapi_news,https://www.fiercepharma.com/manufacturing/roche-earmarks-750m-double-size-its-manufacturing-facility-oregon,2026-08-20
Roche,2026-09-07,new_product,[new_product] Roche nabs expanded FDA approval for diagnostic tied to Jazz’s cancer drug,Roche nabs expanded FDA approval for diagnostic tied to Jazz’s cancer drug,serpapi_news,https://www.fiercebiotech.com/medtech/roches-nabs-expanded-fda-approval-diagnostic-aimed-jazzs-cancer-drug,2026-08-27
Roche,2026-09-07,ma_activity,[ma_activity] Roche bets up to $2.3B in Hanmi pact for next-gen weight loss drug,Roche bets up to $2.3B in Hanmi pact for next-gen weight loss drug,serpapi_news,https://www.biospace.com/deals/roche-bets-up-to-2-3b-in-hanmi-pact-for-next-gen-weight-loss-drug,2026-08-24
Roche,2026-09-07,new_product,[new_product] FDA Approves Alzheimer’s Blood Test Developed by Roche and Eli Lilly,FDA Approves Alzheimer’s Blood Test Developed by Roche and Eli Lilly,serpapi_news,https://www.wsj.com/health/healthcare/fda-approves-alzheimers-blood-test-developed-by-roche-and-eli-lilly-694451c0,2026-08-24
Roche,2026-09-07,other,[other] Roche Appoints Dan Malarek as President and CEO of Roche Diagnostics North America,Roche Appoints Dan Malarek as President and CEO of Roche Diagnostics North America,serpapi_news,https://www.prnewswire.com/news-releases/roche-appoints-dan-malarek-as-president-and-ceo-of-roche-diagnostics-north-america-302829567.html,2026-07-20
Roche,2026-09-07,ma_activity,[ma_activity] Roche nabs tri-specific antibody from Simcere in $1.5B deal,Roche nabs tri-specific antibody from Simcere in $1.5B deal,serpapi_news,https://firstwordpharma.com/story/7937682,2026-09-01
Roche,2026-09-07,ma_activity,[ma_activity] Roche taps Simcere for autoimmune trispecific for $1.53bn,Roche taps Simcere for autoimmune trispecific for $1.53bn,serpapi_news,https://pharmaphorum.com/news/roche-taps-simcere-autoimmune-trispecific-153bn,2026-09-01
Roche,2026-09-07,ma_activity,"[ma_activity] Treeline, Roche Partner on TLN-121 Lymphoma Trial","Treeline, Roche Partner on TLN-121 Lymphoma Trial",serpapi_news,https://www.contractpharma.com/breaking-news/treeline-roche-partner-on-tln-121-lymphoma-trial/,2026-09-02
Roche,2026-09-07,ma_activity,[ma_activity] Simcere Zaiming Licenses Tri-Specific Antibody SIM0660 to Roche in Deal Worth Up to $1.53 Billion,Simcere Zaiming Licenses Tri-Specific Antibody SIM0660 to Roche in Deal Worth Up to $1.53 Billion,serpapi_news,https://www.biopharminternational.com/view/simcere-zaiming-sim0660-roche-license-agreement,2026-09-01
Roche,2026-09-07,ma_activity,[ma_activity] Roche pays up to $1.5bn for Simcere Zaiming's trispecific B-cell antibody,Roche pays up to $1.5bn for Simcere Zaiming's trispecific B-cell antibody,serpapi_news,https://www.bioxconomy.com/partnering/roche-pays-up-to-1-5bn-for-simcere-zaiming-s-trispecific-b-cell-antibody,2026-09-02
Roche,2026-09-07,ma_activity,[ma_activity] Simcere inks license agreement with Roche for SIM0660,Simcere inks license agreement with Roche for SIM0660,serpapi_news,https://www.thepharmaletter.com/biotech-news/simcere-inks-license-agreement-with-roche-for-sim0660,2026-09-02
Johnson & Johnson,2026-09-07,other,[other] Johnson & Johnson (JNJ) Reaches $5.5 Billion Talc Settlement To Close Years Of Lawsuits,Johnson & Johnson (JNJ) Reaches $5.5 Billion Talc Settlement To Close Years Of Lawsuits,serpapi_news,https://finance.yahoo.com/healthcare/articles/johnson-johnson-jnj-reaches-5-191035095.html,2026-08-07
Johnson & Johnson,2026-09-07,other,[other] Johnson & Johnson names new vice president for litigation,Johnson & Johnson names new vice president for litigation,serpapi_news,https://www.reuters.com/legal/legalindustry/johnson-johnson-names-new-vice-president-litigation-2026-08-21/,2026-08-21
Johnson & Johnson,2026-09-07,other,"[other] Johnson & Johnson’s Executive Vice President Jennifer Taubert to Retire; Tom Cavanaugh Appointed EVP, Worldwide Chairman Innovative Medicine Effective September","Johnson & Johnson’s Executive Vice President Jennifer Taubert to Retire; Tom Cavanaugh Appointed EVP, Worldwide Chairman Innovative Medicine Effective September",serpapi_news,https://www.jnj.com/media-center/press-releases/johnson-johnsons-executive-vice-president-jennifer-taubert-to-retire-tom-cavanaugh-appointed-evp-worldwide-chairman-innovative-medicine-effective-september,2026-08-04
Johnson & Johnson,2026-09-07,new_product,[new_product] Johnson & Johnson Receives FDA Market Authorization in the U.S. for its OTTAVA™ Robotic Surgical System,Johnson & Johnson Receives FDA Market Authorization in the U.S. for its OTTAVA™ Robotic Surgical System,serpapi_news,https://www.jnj.com/media-center/press-releases/johnson-johnson-receives-fda-market-authorization-in-the-u-s-for-its-ottava-robotic-surgical-system,2026-07-22
Johnson & Johnson,2026-09-07,new_product,"[new_product] Johnson & Johnson Announces MONARCH™ QUEST 3, Advancing the Latest in Robotically-Assisted Bronchoscopy","Johnson & Johnson Announces MONARCH™ QUEST 3, Advancing the Latest in Robotically-Assisted Bronchoscopy",serpapi_news,https://www.jnj.com/media-center/press-releases/johnson-johnson-announces-monarch-quest-3-advancing-the-latest-in-robotically-assisted-bronchoscopy,2026-08-17
Johnson & Johnson,2026-09-07,new_product,[new_product] Johnson & Johnson (JNJ) Wins EU Approval For TECVAYLI Combo In Multiple Myeloma,Johnson & Johnson (JNJ) Wins EU Approval For TECVAYLI Combo In Multiple Myeloma,serpapi_news,https://finance.yahoo.com/healthcare/articles/johnson-johnson-jnj-wins-eu-130805970.html,2026-08-23
Johnson & Johnson,2026-09-07,new_product,[new_product] Johnson & Johnson Publishes New Future of Digital Surgery Report to Help Define the Emerging Field of Surgical Intelligence,Johnson & Johnson Publishes New Future of Digital Surgery Report to Help Define the Emerging Field of Surgical Intelligence,serpapi_news,https://www.jnj.com/media-center/press-releases/johnson-johnson-publishes-new-future-of-digital-surgery-report-to-help-define-the-emerging-field-of-surgical-intelligence,2026-08-18
Johnson & Johnson,2026-09-07,ma_activity,[ma_activity] Scoop: Johnson & Johnson to Lead Delix Therapeutics’ $85M Series C,Scoop: Johnson & Johnson to Lead Delix Therapeutics’ $85M Series C,serpapi_news,https://psychedelicalpha.com/news/scoop-johnson-johnson-to-lead-delix-therapeutics-85m-series-c/,2026-08-18
Johnson & Johnson,2026-09-07,other,"[other] Johnson & Johnson Invests more than $1 Billion to Strengthen U.S. Vision Manufacturing in Jacksonville, Florida","Johnson & Johnson Invests more than $1 Billion to Strengthen U.S. Vision Manufacturing in Jacksonville, Florida",serpapi_news,https://www.jnj.com/media-center/press-releases/johnson-johnson-invests-more-than-1-billion-to-strengthen-u-s-vision-manufacturing-in-jacksonville-florida,2026-06-15
Johnson & Johnson,2026-09-07,new_product,[new_product] Johnson & Johnson Expands U.S. Footprint with more than $1 Billion Investment in Next Generation Cell Therapy Manufacturing Facility in Pennsylvania,Johnson & Johnson Expands U.S. Footprint with more than $1 Billion Investment in Next Generation Cell Therapy Manufacturing Facility in Pennsylvania,serpapi_news,https://www.jnj.com/media-center/press-releases/johnson-johnson-expands-u-s-footprint-with-more-than-1-billion-investment-in-next-generation-cell-therapy-manufacturing-facility-in-pennsylvania,2026-02-18
Johnson & Johnson,2026-09-07,new_product,[new_product] Jim Cramer Analyzes Johnson & Johnson (JNJ) After Surgical Robotics Milestone,Jim Cramer Analyzes Johnson & Johnson (JNJ) After Surgical Robotics Milestone,serpapi_news,https://finance.yahoo.com/healthcare/articles/jim-cramer-analyzes-johnson-johnson-163351539.html,2026-08-03
Johnson & Johnson,2026-09-07,new_product,[new_product] Johnson & Johnson Just Got a Big FDA Win,Johnson & Johnson Just Got a Big FDA Win,serpapi_news,https://www.fool.com/investing/2026/08/27/johnson-jnj-just-got-a-big-fda-win/,2026-08-27
Johnson & Johnson,2026-09-07,new_product,[new_product] What Johnson & Johnson (JNJ)'s OTTAVA FDA Win and Talc Deal Shift Mean For Shareholders,What Johnson & Johnson (JNJ)'s OTTAVA FDA Win and Talc Deal Shift Mean For Shareholders,serpapi_news,https://finance.yahoo.com/healthcare/articles/johnson-johnson-jnj-ottava-fda-002047054.html,2026-08-10
Johnson & Johnson,2026-09-07,other,[other] Johnson & Johnson embarks on supply chain restructuring,Johnson & Johnson embarks on supply chain restructuring,serpapi_news,https://www.supplychaindive.com/news/johnson-johnson-embarks-on-supply-chain-restructuring/826594/,2026-07-31
Johnson & Johnson,2026-09-07,other,[other] Johnson & Johnson offers $5.5bn to settle talc cancer lawsuits,Johnson & Johnson offers $5.5bn to settle talc cancer lawsuits,serpapi_news,https://www.aljazeera.com/news/2026/7/28/jj-reaches-5-5bn-settlement-over-lawsuits-tying-talc-to-ovarian-cancer,2026-07-28
Johnson & Johnson,2026-09-07,new_product,[new_product] Johnson & Johnson: Buy IMAAVY Label Expansion First And Continued CAPLYTA Sales Push,Johnson & Johnson: Buy IMAAVY Label Expansion First And Continued CAPLYTA Sales Push,serpapi_news,https://seekingalpha.com/article/4939377-johnson-and-johnson-buy-imaavy-label-expansion-first-and-continued-caplyta-sales-push,2026-08-22
Johnson & Johnson,2026-09-07,other,[other] Johnson & Johnson Hires Forbes Tate for Healthcare Lobbying,Johnson & Johnson Hires Forbes Tate for Healthcare Lobbying,serpapi_news,https://legis1.com/news/healthcare-lobbying-johnson-johnson-hires-forbes,2026-08-17
Johnson & Johnson,2026-09-07,ma_activity,[ma_activity] Johnson & Johnson Comes to Strategic Agreement with Sail Biomedicines,Johnson & Johnson Comes to Strategic Agreement with Sail Biomedicines,serpapi_news,https://www.wsj.com/tech/biotech/johnson-johnson-comes-to-strategic-agreement-with-sail-biomedicines-2c18bd50,2026-07-29
Johnson & Johnson,2026-09-07,other,"[other] America250 Announces Sponsorship with Johnson & Johnson to Celebrate 250 Years of Independence, Advancing Health, Innovation and Community Impact","America250 Announces Sponsorship with Johnson & Johnson to Celebrate 250 Years of Independence, Advancing Health, Innovation and Community Impact",serpapi_news,https://america250.org/news/america250-announces-sponsorship-with-johnson-johnson-to-celebrate-250-years-of-independence-advancing-health-innovation-and-community-impact/,2026-06-03
Johnson & Johnson,2026-09-07,other,[other] Johnson & Johnson proposes $5.5 billion talc settlement to end marathon legal fight,Johnson & Johnson proposes $5.5 billion talc settlement to end marathon legal fight,serpapi_news,https://apnews.com/article/johnson-talc-cancer-mesothelioma-abecc65008f04bf25a9c7fcbb7514be7,2026-07-28
Johnson & Johnson,2026-09-07,new_product,[unconfirmed] [new_product] Johnson & Johnson (JNJ) Stock May Be 31% Undervalued As Myeloma Trial Results Impress,Johnson & Johnson (JNJ) Stock May Be 31% Undervalued As Myeloma Trial Results Impress,serpapi_news,https://finance.yahoo.com/markets/stocks/articles/johnson-johnson-jnj-stock-may-170916169.html,2026-07-28
Johnson & Johnson,2026-09-07,other,[other] Johnson & Johnson (JNJ) Tops $100 Billion In Annual Revenue For The First Time,Johnson & Johnson (JNJ) Tops $100 Billion In Annual Revenue For The First Time,serpapi_news,https://finance.yahoo.com/healthcare/articles/johnson-johnson-jnj-tops-100-151217818.html,2026-07-15
Johnson & Johnson,2026-09-07,other,[other] FDA warns public about Johnson & Johnson heart pump controllers after patient death,FDA warns public about Johnson & Johnson heart pump controllers after patient death,serpapi_news,https://cardiovascularbusiness.com/topics/clinical/interventional-cardiology/fda-warns-public-about-johnson-johnson-heart-pump-controllers-after-patient-death,2026-05-21
Johnson & Johnson,2026-09-07,other,[other] Johnson & Johnson named a 2026 Fortune World’s Most Admired Company,Johnson & Johnson named a 2026 Fortune World’s Most Admired Company,serpapi_news,https://www.jnj.com/latest-news/johnson-johnson-named-a-2026-fortune-worlds-most-admired-company,2026-01-26
AbbVie,2026-09-07,new_product,"[new_product] AbbVie's blood cancer therapy lowers disease progression, death risk in trial","AbbVie's blood cancer therapy lowers disease progression, death risk in trial",serpapi_news,https://www.reuters.com/business/healthcare-pharmaceuticals/abbvies-blood-cancer-drug-meets-late-stage-trial-goals-2026-09-03/,2026-09-03
AbbVie,2026-09-07,new_product,[new_product] AbbVie bispecific shows promise in ph. 3 multiple myeloma trial,AbbVie bispecific shows promise in ph. 3 multiple myeloma trial,serpapi_news,https://www.fiercebiotech.com/biotech/abbvies-bispecific-t-cell-engager-shows-promise-ph-3-multiple-myeloma-trial,2026-09-03
AbbVie,2026-09-07,ma_activity,[ma_activity] AbbVie Completes Acquisition of Apogee Therapeutics,AbbVie Completes Acquisition of Apogee Therapeutics,serpapi_news,https://finance.yahoo.com/healthcare/articles/abbvie-completes-acquisition-apogee-therapeutics-123400899.html,2026-09-03
AbbVie,2026-09-07,new_product,[new_product] AbbVie shares early weight-loss data for Gubra-partnered amylin analogue,AbbVie shares early weight-loss data for Gubra-partnered amylin analogue,serpapi_news,https://firstwordpharma.com/story/7131867,2026-09-03
AbbVie,2026-09-07,new_product,"[new_product] Trailing rivals, AbbVie scores win with dual-acting myeloma drug","Trailing rivals, AbbVie scores win with dual-acting myeloma drug",serpapi_news,https://www.biopharmadive.com/news/abbvie-multiple-myeloma-etentamig-phase-3-trial-results/829672/,2026-09-04
AbbVie,2026-09-07,other,[other] Mary Kuriakose Starts New Oncology Leadership Role at AbbVie,Mary Kuriakose Starts New Oncology Leadership Role at AbbVie,serpapi_news,https://oncodaily.com/career/mary-kuriakose-581749,2026-09-06
AbbVie,2026-09-07,new_product,[new_product] AbbVie’s T cell engager delivers survival benefit in Phase 3 multiple myeloma study,AbbVie’s T cell engager delivers survival benefit in Phase 3 multiple myeloma study,serpapi_news,https://www.biospace.com/drug-development/abbvies-t-cell-engager-delivers-survival-benefit-in-phase-3-multiple-myeloma-study,2026-09-04
AbbVie,2026-09-07,new_product,[new_product] AbbVie's cancer TCE etentamig hits the mark in myeloma,AbbVie's cancer TCE etentamig hits the mark in myeloma,serpapi_news,https://pharmaphorum.com/news/abbvies-cancer-tce-etentamig-hits-mark-myeloma,2026-09-04
AbbVie,2026-09-07,new_product,[unconfirmed] [new_product] AbbVie could take BiTE of Tecvayli market share on Phase III MM win,AbbVie could take BiTE of Tecvayli market share on Phase III MM win,serpapi_news,https://www.clinicaltrialsarena.com/news/abbvie-multiple-myeloma-etentamig-phase-iii/,2026-09-03
AbbVie,2026-09-07,ma_activity,"[ma_activity] AbbVie Completes $10.9 Billion Apogee Acquisition, Adds Zumilokibart to AD Pipeline","AbbVie Completes $10.9 Billion Apogee Acquisition, Adds Zumilokibart to AD Pipeline",serpapi_news,https://www.dermatologytimes.com/view/abbvie-completes-10-9-billion-apogee-acquisition-adds-zumilokibart-to-ad-pipeline,2026-09-03
AbbVie,2026-09-07,new_product,[new_product] AbbVie's monthly bispecific cuts myeloma progression risk by 60%,AbbVie's monthly bispecific cuts myeloma progression risk by 60%,serpapi_news,https://firstwordpharma.com/story/7946825,2026-09-03
AbbVie,2026-09-07,new_product,[new_product] AbbVie (ABBV)’s Blood Cancer Success Adds Weight to its Pipeline Story,AbbVie (ABBV)’s Blood Cancer Success Adds Weight to its Pipeline Story,serpapi_news,https://finance.yahoo.com/healthcare/articles/abbvie-abbv-blood-cancer-success-012434988.html,2026-09-04
AbbVie,2026-09-07,new_product,[new_product] AbbVie (ABBV) Reports Positive Phase 3 Results For Etentamig In Multiple Myeloma,AbbVie (ABBV) Reports Positive Phase 3 Results For Etentamig In Multiple Myeloma,serpapi_news,https://finance.yahoo.com/healthcare/articles/abbvie-abbv-reports-positive-phase-081932831.html,2026-09-04
AbbVie,2026-09-07,new_product,[new_product] AbbVie claims Phase 3 win for multiple myeloma drug,AbbVie claims Phase 3 win for multiple myeloma drug,serpapi_news,https://www.raps.org/resource/recon-cber-official-overruled-replimune-melanoma-drug-rejection-abbvie-claims-phase-3-win-for-multiple-myeloma-drug.html,2026-09-03
AbbVie,2026-09-07,ma_activity,[ma_activity] AbbVie seals $11B acquisition of Apogee Therapeutics,AbbVie seals $11B acquisition of Apogee Therapeutics,serpapi_news,https://seekingalpha.com/news/4639972-abbvie-seals-11b-acquisition-of-apogee-therapeutics,2026-09-03
AbbVie,2026-09-07,new_product,"[new_product] AbbVie’s Etentamig Suits Community Setting With Monthly Dosing, Low Toxicity","AbbVie’s Etentamig Suits Community Setting With Monthly Dosing, Low Toxicity",serpapi_news,https://insights.citeline.com/scrip/r-and-d/clinical-trials/abbvies-etentamig-suits-community-setting-with-monthly-dosing-low-toxicity-CGXNUJH5PNEQDJEP6KAB2LR6UQ/,2026-09-03
AbbVie,2026-09-07,new_product,[new_product] AbbVie Announces Positive Topline Results from the Phase 3 CERVINO Trial Showing Etentamig Significantly Improved Response Rate and Progression-Free Survival in Patients with Relapsed/Refractory Multi,AbbVie Announces Positive Topline Results from the Phase 3 CERVINO Trial Showing Etentamig Significantly Improved Response Rate and Progression-Free Survival in Patients with Relapsed/Refractory Multiple Myeloma,serpapi_news,https://finance.yahoo.com/healthcare/articles/abbvie-announces-positive-topline-results-131500408.html,2026-09-03
AbbVie,2026-09-07,ma_activity,[ma_activity] Michael Henderson: A New Chapter Begins for Apogee Therapeutics With AbbVie,Michael Henderson: A New Chapter Begins for Apogee Therapeutics With AbbVie,serpapi_news,https://oncodaily.com/industry/michael-henderson-581138,2026-09-05
AbbVie,2026-09-07,new_product,[new_product] AbbVie's etentamig hits dual primary endpoints in Phase III relapsed/refractory multiple myeloma trial,AbbVie's etentamig hits dual primary endpoints in Phase III relapsed/refractory multiple myeloma trial,serpapi_news,https://www.thepharmaletter.com/biotech-news/abbvie-s-etentamig-hits-dual-primary-endpoints-in-phase-iii-relapsed-refractory-multiple-myeloma-trial,2026-09-03
AbbVie,2026-09-07,new_product,[new_product] AbbVie posts trial win for multiple myeloma drug (ABBV),AbbVie posts trial win for multiple myeloma drug (ABBV),serpapi_news,https://seekingalpha.com/news/4640008-abbvie-succeeds-in-late-stage-trial-for-multiple-myeloma-drug,2026-09-03
AbbVie,2026-09-07,ma_activity,[ma_activity] AbbVie Completes $10.9 Billion Acquisition Of Apogee Therapeutics,AbbVie Completes $10.9 Billion Acquisition Of Apogee Therapeutics,serpapi_news,https://pulse2.com/abbvie-completes-10-9-billion-acquisition-of-apogee-therapeutics/,2026-09-03
AbbVie,2026-09-07,new_product,[new_product] AbbVie's ABBV-1480 Posts 90% Response Rate in Frontline NSCLC Combination,AbbVie's ABBV-1480 Posts 90% Response Rate in Frontline NSCLC Combination,serpapi_news,https://www.biopharminternational.com/view/abbvie-abbv-1480-90-response-rate-frontline-nsclc,2026-08-21
AbbVie,2026-09-07,other,[other] AbbVie Selects North Carolina for New $1.4 Billion Manufacturing Campus,AbbVie Selects North Carolina for New $1.4 Billion Manufacturing Campus,serpapi_news,https://news.abbvie.com/2026-04-22-AbbVie-Selects-North-Carolina-for-New-1-4-Billion-Manufacturing-Campus,2026-04-22
AbbVie,2026-09-07,new_product,[new_product] AbbVie's Etentamig Delivers 74% Response Rate in Pivotal Cancer Trial,AbbVie's Etentamig Delivers 74% Response Rate in Pivotal Cancer Trial,serpapi_news,https://www.tradingview.com/news/gurufocus:3af59b892094b:0-abbvie-s-etentamig-delivers-74-response-rate-in-pivotal-cancer-trial/,2026-09-03
Novartis,2026-09-07,new_product,[new_product] Amgen Shares Fall as Novartis' Pelacarsen Misses Phase III Study Goal,Amgen Shares Fall as Novartis' Pelacarsen Misses Phase III Study Goal,serpapi_news,https://finance.yahoo.com/healthcare/articles/amgen-shares-fall-novartis-pelacarsen-152300294.html,
Novartis,2026-09-07,new_product,[new_product] Novartis Says Closely Watched Cholesterol Study Failed to Meet Goal,Novartis Says Closely Watched Cholesterol Study Failed to Meet Goal,serpapi_news,https://www.wsj.com/health/pharma/novartis-says-closely-watched-cholesterol-study-failed-to-meet-goal-7901cb11,
Novartis,2026-09-07,new_product,[new_product] Novartis shares fall after heart drug fails late-stage trial,Novartis shares fall after heart drug fails late-stage trial,serpapi_news,https://www.investing.com/news/stock-market-news/novartis-shares-fall-after-heart-drug-fails-latestage-trial-4890520,
Novartis,2026-09-07,new_product,[new_product] Novartis pauses autoimmune CAR T trials following three deaths,Novartis pauses autoimmune CAR T trials following three deaths,serpapi_news,https://www.drugdiscoverynews.com/novartis-pauses-autoimmune-car-t-trials-following-three-deaths-17501,
Novartis,2026-09-07,new_product,[new_product] Novartis hit as Lp(a) drug fails cardio outcomes trial,Novartis hit as Lp(a) drug fails cardio outcomes trial,serpapi_news,https://pharmaphorum.com/news/novartis-hit-lpa-drug-fails-cardio-outcomes-trial,
Novartis,2026-09-07,new_product,"[new_product] Novartis Heart-Drug Flop Deepens Pipeline Setbacks, Hits Rivals","Novartis Heart-Drug Flop Deepens Pipeline Setbacks, Hits Rivals",serpapi_news,https://www.bloomberg.com/news/articles/2026-09-07/novartis-heart-drug-flop-deepens-pipeline-setbacks-hits-rivals,
Novartis,2026-09-07,new_product,[new_product] Novartis shares down as failed cholesterol drug study increases pipeline pressure,Novartis shares down as failed cholesterol drug study increases pipeline pressure,serpapi_news,https://wtvbam.com/2026/09/07/novartis-shares-down-as-failed-cholesterol-drug-study-increases-pipeline-pressure/,
Novartis,2026-09-07,new_product,[new_product] Novartis Says Pelacarsen Heart Disease Drug Missed Primary Endpoint,Novartis Says Pelacarsen Heart Disease Drug Missed Primary Endpoint,serpapi_news,https://www.wsj.com/health/pharma/novartis-says-pelacarsen-heart-disease-drug-missed-primary-endpoint-38d98972,
Novartis,2026-09-07,other,[other] Novartis telegraphs 130 job cuts in Switzerland,Novartis telegraphs 130 job cuts in Switzerland,serpapi_news,https://www.fiercepharma.com/pharma/novartis-telegraphs-130-job-cuts-amid-biologics-rethink-switzerland,
Novartis,2026-09-07,new_product,[new_product] Novartis’ Lp(a) drug misses Phase 3 endpoint,Novartis’ Lp(a) drug misses Phase 3 endpoint,serpapi_news,https://european-biotechnology.com/latest-news/novartis-lpa-drug-misses-phase-3-endpoint/,
Novartis,2026-09-07,new_product,"[new_product] Novartis Late-Stage Cardiovascular Outcome Study Fails, Stock Down","Novartis Late-Stage Cardiovascular Outcome Study Fails, Stock Down",serpapi_news,https://finance.yahoo.com/healthcare/articles/novartis-stage-cardiovascular-outcome-study-154900282.html,
Novartis,2026-09-07,new_product,"[new_product] Novartis, Ionis' experimental heart drug misses key goal in closely watched trial","Novartis, Ionis' experimental heart drug misses key goal in closely watched trial",serpapi_news,https://www.reuters.com/business/healthcare-pharmaceuticals/ionis-novartis-key-experimental-heart-drug-fails-late-stage-trial-2026-09-04/,
Novartis,2026-09-07,new_product,[new_product] Novartis Shares Fall After Pelacarsen Misses Primary Goal in Late-Stage Heart Trial,Novartis Shares Fall After Pelacarsen Misses Primary Goal in Late-Stage Heart Trial,serpapi_news,https://finance.yahoo.com/healthcare/articles/novartis-shares-fall-pelacarsen-misses-103549166.html,
Novartis,2026-09-07,new_product,"[new_product] Novartis MS pill beats older drug in trials, boosts pipeline hopes","Novartis MS pill beats older drug in trials, boosts pipeline hopes",serpapi_news,https://www.reuters.com/business/healthcare-pharmaceuticals/novartis-oral-multiple-sclerosis-drug-meets-main-goal-late-stage-studies-2026-09-01/,
Novartis,2026-09-07,new_product,[new_product] Novartis falls as failed cholesterol drug study raises stakes for pipeline,Novartis falls as failed cholesterol drug study raises stakes for pipeline,serpapi_news,https://whtc.com/2026/09/07/novartis-shares-down-as-failed-cholesterol-drug-study-increases-pipeline-pressure/,
Novartis,2026-09-07,ma_activity,[ma_activity] Novartis signs deal worth up to $3.2 billion for Alteogen's drug delivery technology,Novartis signs deal worth up to $3.2 billion for Alteogen's drug delivery technology,serpapi_news,https://www.reuters.com/legal/litigation/novartis-signs-deal-worth-up-32-billion-alteogens-drug-delivery-technology-2026-09-02/,
Novartis,2026-09-07,ma_activity,[ma_activity] Novartis inks $3.2B subcutaneous delivery deal with Alteogen,Novartis inks $3.2B subcutaneous delivery deal with Alteogen,serpapi_news,https://www.fiercebiotech.com/biotech/novartis-inks-32b-subcutaneous-drug-delivery-deal-alteogen,
Novartis,2026-09-07,new_product,"[new_product] Novartis halts CAR-T therapy trials due to three patient fatalities, BMS follows","Novartis halts CAR-T therapy trials due to three patient fatalities, BMS follows",serpapi_news,https://www.bioprocessintl.com/pre-clinical-and-clinical-trials/novartis-halts-car-t-therapy-trials-due-to-three-patient-fatalities-bms-follows,
Novartis,2026-09-07,other,[unconfirmed] [other] Novartis could cut about 130 jobs in Basel site relocation,Novartis could cut about 130 jobs in Basel site relocation,serpapi_news,https://www.reuters.com/business/world-at-work/novartis-could-cut-about-130-jobs-basel-site-relocation-2026-09-02/,
Novartis,2026-09-07,new_product,"[new_product] Autoimmune CAR-T faces tough questions after Novartis, Bristol Myers study halts","Autoimmune CAR-T faces tough questions after Novartis, Bristol Myers study halts",serpapi_news,https://www.biopharmadive.com/news/autoimmune-cell-therapy-safety-novartis-bristol-kyverna-cabaletta/829413/,
Novartis,2026-09-07,ma_activity,[ma_activity] Innexis Acquires Novartis's Kundl Site,Innexis Acquires Novartis's Kundl Site,serpapi_news,https://chemanager-online.com/en/news/innexis-acquires-novartis-s-kundl-site,
Novartis,2026-09-07,new_product,[new_product] Novartis’ pelacarsen fails to meet primary endpoint in Lp(a)HORIZON trial,Novartis’ pelacarsen fails to meet primary endpoint in Lp(a)HORIZON trial,serpapi_news,https://www.yahoo.com/news/science/articles/novartis-pelacarsen-fails-meet-primary-095913202.html,
Novartis,2026-09-07,new_product,[new_product] Novartis pauses trials of experimental cell therapy after three deaths,Novartis pauses trials of experimental cell therapy after three deaths,serpapi_news,https://www.reuters.com/business/healthcare-pharmaceuticals/novartis-pauses-autoimmune-cell-therapy-studies-after-deaths-wsj-reports-2026-09-01/,
Novartis,2026-09-07,new_product,[unconfirmed] [new_product] Novartis Just Lost a Potential $6 Billion Drug Opportunity,Novartis Just Lost a Potential $6 Billion Drug Opportunity,serpapi_news,https://www.tradingview.com/news/gurufocus:5106a15db094b:0-novartis-just-lost-a-potential-6-billion-drug-opportunity/,
AstraZeneca,2026-09-07,ma_activity,[ma_activity] AstraZeneca completes global license agreement for oral EGFR inhibitor Zegfrovy for lung cancer,AstraZeneca completes global license agreement for oral EGFR inhibitor Zegfrovy for lung cancer,serpapi_news,https://www.astrazeneca.com/media-centre/press-releases/2026/astrazeneca-completes-agreement-for-zegfrovy.html,2026-09-01
AstraZeneca,2026-09-07,ma_activity,[ma_activity] AstraZeneca enters exclusive global license agreement for novel oral EGFR inhibitor Zegfrovy for lung cancer with Dizal Pharmaceutical,AstraZeneca enters exclusive global license agreement for novel oral EGFR inhibitor Zegfrovy for lung cancer with Dizal Pharmaceutical,serpapi_news,https://www.astrazeneca.com/media-centre/press-releases/2026/astrazeneca-licenses-novel-egfr-inhibitor.html,2026-07-14
AstraZeneca,2026-09-07,new_product,[new_product] AstraZeneca’s breast cancer pill gets FDA approval,AstraZeneca’s breast cancer pill gets FDA approval,serpapi_news,https://www.seattletimes.com/business/astrazenecas-breast-cancer-pill-gets-approval-from-the-fda/,2026-09-05
AstraZeneca,2026-09-07,new_product,[new_product] FDA approves AstraZeneca’s Etcamah combo for advanced breast cancer,FDA approves AstraZeneca’s Etcamah combo for advanced breast cancer,serpapi_news,https://www.yahoo.com/news/science/articles/fda-approves-astrazeneca-etcamah-combo-095539290.html,2026-09-07
AstraZeneca,2026-09-07,new_product,[new_product] AstraZeneca’s Breast Cancer Pill Gets Approval From the FDA,AstraZeneca’s Breast Cancer Pill Gets Approval From the FDA,serpapi_news,https://www.bloomberg.com/news/articles/2026-09-04/astrazeneca-s-breast-cancer-pill-gets-approval-from-the-fda,2026-09-04
AstraZeneca,2026-09-07,new_product,[new_product] AstraZeneca Secures FDA Nod for New Breast Cancer Therapy Etcamah,AstraZeneca Secures FDA Nod for New Breast Cancer Therapy Etcamah,serpapi_news,https://www.zacks.com/stock/news/2985718/astrazeneca-secures-fda-nod-for-new-breast-cancer-therapy-etcamah?cid=CS-YAHOO-FT-analyst_blog|company_news_medical_sector-2985718,2026-09-07
AstraZeneca,2026-09-07,new_product,[new_product] FDA approves AstraZeneca breast cancer drug,FDA approves AstraZeneca breast cancer drug,serpapi_news,https://www.femtechworld.co.uk/news/diagnosis/fda-approves-astrazeneca-breast-cancer-drug/,2026-09-07
AstraZeneca,2026-09-07,new_product,"[new_product] FDA grants accelerated approval to AstraZeneca's Etcamah for certain breast cancers, boosting stock sentiment.","FDA grants accelerated approval to AstraZeneca's Etcamah for certain breast cancers, boosting stock sentiment.",serpapi_news,https://pluang.com/en/news-feed/citi-dukung-sentimen-positif-astrazeneca-setelah-etcamah-dapat-persetujuan-fda,2026-09-07
AstraZeneca,2026-09-07,new_product,[new_product] AstraZeneca’s Etcamah combo approved by FDA,AstraZeneca’s Etcamah combo approved by FDA,serpapi_news,https://www.thepharmaletter.com/pharma-news/astrazeneca-s-etcamah-combo-approved-by-fda,2026-09-05
AstraZeneca,2026-09-07,new_product,[new_product] AstraZeneca’s Etcamah Approved In US For ESR1-mutated Advanced Breast Cancer,AstraZeneca’s Etcamah Approved In US For ESR1-mutated Advanced Breast Cancer,serpapi_news,https://www.directorstalkinterviews.com/astrazeneca-s-etcamah-approved-in-us-for-esr1-mutated-advanced-breast-cancer/4121261798,2026-09-07
AstraZeneca,2026-09-07,new_product,[new_product] AstraZeneca Breast Cancer Drug Etcamah Nets Accelerated FDA Approval With Guardant Health ctDNA Test,AstraZeneca Breast Cancer Drug Etcamah Nets Accelerated FDA Approval With Guardant Health ctDNA Test,serpapi_news,https://www.genomeweb.com/business-news/regulatory/fda/approval/gnw-fda-approval-etcamah-esr1-breast-20260904/,2026-09-04
AstraZeneca,2026-09-07,new_product,[new_product] A green light from the US FDA for AstraZeneca in breast cancer,A green light from the US FDA for AstraZeneca in breast cancer,serpapi_news,https://www.marketscreener.com/news/a-green-light-from-the-us-fda-for-astrazeneca-in-breast-cancer-ce785bdbdc8bf421,2026-09-07
AstraZeneca,2026-09-07,new_product,[new_product] FDA backs AstraZeneca's oral SERD despite adcom concerns,FDA backs AstraZeneca's oral SERD despite adcom concerns,serpapi_news,https://firstwordpharma.com/story/7952110,2026-09-05
AstraZeneca,2026-09-07,new_product,[new_product] AstraZeneca-Amgen asthma drug succeeds in late-stage oesophagus disease trial,AstraZeneca-Amgen asthma drug succeeds in late-stage oesophagus disease trial,serpapi_news,https://www.reuters.com/business/healthcare-pharmaceuticals/astrazenecas-asthma-drug-tezspire-meets-all-goals-late-stage-esophagitis-trial-2026-08-27/,2026-08-27
AstraZeneca,2026-09-07,new_product,[new_product] ESC26: AstraZeneca's heart failure drug shows promise in ph. 2 trial,ESC26: AstraZeneca's heart failure drug shows promise in ph. 2 trial,serpapi_news,https://www.fiercebiotech.com/biotech/esc26-astrazenecas-heart-failure-drug-shows-promise-ph-2-trial,2026-08-31
AstraZeneca,2026-09-07,new_product,[new_product] Efzimfotase alfa demonstrated improvements in bone health in treatment-naïve paediatric patients with hypophosphatasia achieving median difference of 1.67 vs placebo in RGI-C Score at week 25 in MULBE,Efzimfotase alfa demonstrated improvements in bone health in treatment-naïve paediatric patients with hypophosphatasia achieving median difference of 1.67 vs placebo in RGI-C Score at week 25 in MULBERRY Phase III trial,serpapi_news,https://www.astrazeneca.com/media-centre/press-releases/2026/efzimfotase-alfa-demonstrated-improvements-in-bone-health-in-treatment-naive-patients-with-hypophosphatasia-at-week-25-in-mulberry-phase-iii-trial.html,2026-06-28
AstraZeneca,2026-09-07,new_product,[new_product] AstraZeneca suffers another setback as it halts volrustomig lung cancer trial,AstraZeneca suffers another setback as it halts volrustomig lung cancer trial,serpapi_news,https://www.reuters.com/business/healthcare-pharmaceuticals/astrazeneca-discontinue-late-stage-lung-cancer-trial-volrustomig-2026-08-17/,2026-08-17
AstraZeneca,2026-09-07,new_product,[new_product] Update on eVOLVE-Lung02 Phase III trial of volrustomig plus chemotherapy in metastatic non-small cell lung cancer,Update on eVOLVE-Lung02 Phase III trial of volrustomig plus chemotherapy in metastatic non-small cell lung cancer,serpapi_news,https://www.astrazeneca.com/media-centre/press-releases/2026/update-on-evolve-lung02-phase-iii-trial.html,2026-08-17
AstraZeneca,2026-09-07,new_product,[new_product] AstraZeneca Ends Phase 3 Lung Cancer Drug Trial After Review,AstraZeneca Ends Phase 3 Lung Cancer Drug Trial After Review,serpapi_news,https://www.wsj.com/health/pharma/astrazeneca-ends-phase-three-lung-cancer-drug-trial-after-review-0b63c1d3,2026-08-17
AstraZeneca,2026-09-07,new_product,[new_product] AstraZeneca ends phase 3 lung cancer trial after bispecific falls short versus Keytruda,AstraZeneca ends phase 3 lung cancer trial after bispecific falls short versus Keytruda,serpapi_news,https://www.fiercebiotech.com/biotech/astrazeneca-ends-phase-3-lung-cancer-trial-after-bispecific-falls-short-versus-keytruda,2026-08-17
AstraZeneca,2026-09-07,new_product,[new_product] Alnylam defends heart disease drugs after failure of AstraZeneca’s Wainua,Alnylam defends heart disease drugs after failure of AstraZeneca’s Wainua,serpapi_news,https://www.statnews.com/2026/08/30/alnylam-attr-astrazeneca-wainua-attruby-heart-disease/,2026-08-30
AstraZeneca,2026-09-07,new_product,"[new_product] In autopsy of failed heart disease study, AstraZeneca raises broader questions about silencer drugs","In autopsy of failed heart disease study, AstraZeneca raises broader questions about silencer drugs",serpapi_news,https://www.statnews.com/2026/08/28/astrazeneca-ionis-wainua-eplontersen-attr-cm-study-failure-bridgebio-alnylam/,2026-08-28
AstraZeneca,2026-09-07,ma_activity,"[ma_activity] 'No discussions' over AstraZeneca-Bristol Myers deal, senior source says","'No discussions' over AstraZeneca-Bristol Myers deal, senior source says",serpapi_news,https://www.reuters.com/world/no-discussions-over-astrazeneca-bristol-myers-deal-senior-source-says-2026-08-05/,2026-08-05
AstraZeneca,2026-09-07,ma_activity,[ma_activity] Breakingviews - COMMENTARY: AstraZeneca's blocked M&A signals tough CEO finale,Breakingviews - COMMENTARY: AstraZeneca's blocked M&A signals tough CEO finale,serpapi_news,https://www.reuters.com/commentary/breakingviews/astrazenecas-blocked-ma-signals-tough-ceo-finale-2026-08-24/,2026-08-24
Bristol-Myers Squibb,2026-09-07,new_product,"[new_product] U.S. FDA Grants Accelerated Approval to Bristol Myers Squibb's First CELMoD Therapy ZENBEXUS™, in Combination with Daratumumab and Hyaluronidase-fihj and Dexamethasone (ZDd) for Patients with Multiple","U.S. FDA Grants Accelerated Approval to Bristol Myers Squibb's First CELMoD Therapy ZENBEXUS™, in Combination with Daratumumab and Hyaluronidase-fihj and Dexamethasone (ZDd) for Patients with Multiple Myeloma, as Early as First Relapse",serpapi_news,https://news.bms.com/news/corporate-financial/2026/U-S--FDA-Grants-Accelerated-Approval-to-Bristol-Myers-Squibbs-First-CELMoD-Therapy-ZENBEXUS-in-Combination-with-Daratumumab-and-Hyaluronidase-fihj-and-Dexamethasone-ZDd-for-Patients-with-Multiple-Myeloma-as-Early-as-First-Relapse/default.aspx,2026-08-13
Bristol-Myers Squibb,2026-09-07,new_product,"[new_product] Novartis, Bristol Myers Squibb pause CAR-T trials for lupus and other autoimmune diseases for safety reviews","Novartis, Bristol Myers Squibb pause CAR-T trials for lupus and other autoimmune diseases for safety reviews",serpapi_news,https://www.lupus.org/news/novartis-bristol-myers-squibb-pause-cart-trials-for-lupus-and-other-autoimmune-diseases,2026-09-01
Bristol-Myers Squibb,2026-09-07,new_product,"[new_product] UPDATED: Novartis halts autoimmune CAR-T trials after 3 deaths, as BMS also pauses studies","UPDATED: Novartis halts autoimmune CAR-T trials after 3 deaths, as BMS also pauses studies",serpapi_news,https://www.fiercebiotech.com/biotech/novartis-bristol-myers-squibb-halt-car-t-cell-trials-due-immune-events,2026-08-31
Bristol-Myers Squibb,2026-09-07,new_product,"[new_product] Novartis, Bristol Myers pause autoimmune CAR-T trials due to safety concerns","Novartis, Bristol Myers pause autoimmune CAR-T trials due to safety concerns",serpapi_news,https://www.biopharmadive.com/news/novartis-bristol-myers-autoimmune-cell-therapy-trial-halt/829218/,2026-09-01
Bristol-Myers Squibb,2026-09-07,new_product,"[new_product] Autoimmune CAR-T faces tough questions after Novartis, Bristol Myers study halts","Autoimmune CAR-T faces tough questions after Novartis, Bristol Myers study halts",serpapi_news,https://www.biopharmadive.com/news/autoimmune-cell-therapy-safety-novartis-bristol-kyverna-cabaletta/829413/,2026-09-02
Bristol-Myers Squibb,2026-09-07,new_product,"[new_product] Novartis, Bristol Myers Pause Autoimmune CAR-T Trials Over Safety Concerns: Report","Novartis, Bristol Myers Pause Autoimmune CAR-T Trials Over Safety Concerns: Report",serpapi_news,https://www.pharmexec.com/view/novartis-bristol-myers-pause-autoimmune-cart-trials-safety-concerns,2026-09-02
Bristol-Myers Squibb,2026-09-07,ma_activity,[ma_activity] Bristol Myers ends blood cancer drug deal with cell therapy maker Cellares,Bristol Myers ends blood cancer drug deal with cell therapy maker Cellares,serpapi_news,https://www.reuters.com/legal/litigation/bristol-myers-ends-blood-cancer-drug-deal-with-cell-therapy-maker-cellares-2026-08-25/,2026-08-26
Bristol-Myers Squibb,2026-09-07,ma_activity,[ma_activity] Cellares downsizes New Jersey operations after losing BMS cell therapy contract,Cellares downsizes New Jersey operations after losing BMS cell therapy contract,serpapi_news,https://www.fiercepharma.com/pharma/cellares-restructuring-rolls-new-jersey-amid-cell-therapy-client-loss,2026-09-02
Bristol-Myers Squibb,2026-09-07,ma_activity,[unconfirmed] [ma_activity] AstraZeneca may buck a decade of pharma strategy to buy U.S. scale,AstraZeneca may buck a decade of pharma strategy to buy U.S. scale,serpapi_news,https://www.cnbc.com/2026/08/06/astrazeneca-bristol-myers-merger-talks.html,2026-08-06
Bristol-Myers Squibb,2026-09-07,ma_activity,"[unconfirmed] [ma_activity] Stripped of AstraZeneca safety net, BMS could face ‘carnage’ if high-risk clinical trial fails","Stripped of AstraZeneca safety net, BMS could face ‘carnage’ if high-risk clinical trial fails",serpapi_news,https://www.biospace.com/business/stripped-of-astrazeneca-safety-net-bms-could-face-carnage-if-high-risk-clinical-trial-fails,2026-09-02
Bristol-Myers Squibb,2026-09-07,other,"[other] Bristol Myers Squibb Advances U.S. Manufacturing Investment with New $2.3 Billion Campus in Houston, Texas","Bristol Myers Squibb Advances U.S. Manufacturing Investment with New $2.3 Billion Campus in Houston, Texas",serpapi_news,https://news.bms.com/news/corporate-financial/2026/Bristol-Myers-Squibb-Advances-U-S--Manufacturing-Investment-with-New-2-3-Billion-Campus-in-Houston-Texas/default.aspx,2026-08-10
Bristol-Myers Squibb,2026-09-07,other,[other] Bristol Myers Squibb to build $2.3B manufacturing campus in Houston,Bristol Myers Squibb to build $2.3B manufacturing campus in Houston,serpapi_news,https://www.manufacturingdive.com/news/bristol-myers-squibb-invest-2b-manufacturing-campus-houston/828245/,2026-08-19
Bristol-Myers Squibb,2026-09-07,other,[other] Bristol Myers Squibb picks Houston for multi-modality $2.3bn manufacturing campus,Bristol Myers Squibb picks Houston for multi-modality $2.3bn manufacturing campus,serpapi_news,https://www.bioprocessintl.com/manufacturing/bristol-myers-squibb-picks-houston-for-multi-modality-2-3bn-manufacturing-campus,2026-08-10
Bristol-Myers Squibb,2026-09-07,other,[other] Bristol-Myers Squibb (BMY) Bets $2.3 Billion on Texas While Eli Lilly (LLY) Wins in the UK,Bristol-Myers Squibb (BMY) Bets $2.3 Billion on Texas While Eli Lilly (LLY) Wins in the UK,serpapi_news,https://finance.yahoo.com/healthcare/articles/bristol-myers-squibb-bmy-bets-192802764.html,2026-08-21
Bristol-Myers Squibb,2026-09-07,new_product,[new_product] Novartis and Bristol Myers Squibb halt clinical trials following serious side effects,Novartis and Bristol Myers Squibb halt clinical trials following serious side effects,serpapi_news,https://medwatch.com/News/Pharma___Biotech/article19602478.ece,2026-09-02
Bristol-Myers Squibb,2026-09-07,ma_activity,[ma_activity] WashU announces new academic-industry collaboration with Bristol Myers Squibb,WashU announces new academic-industry collaboration with Bristol Myers Squibb,serpapi_news,https://medicine.washu.edu/news/washu-announces-new-academic-industry-collaboration-with-bristol-myers-squibb/,2026-07-21
Bristol-Myers Squibb,2026-09-07,other,[other] Bristol Myers Squibb Invests $2.3B in New Houston Pharma Facility,Bristol Myers Squibb Invests $2.3B in New Houston Pharma Facility,serpapi_news,https://www.houston.org/news/bristol-myers-squibb-facility/,2026-08-10
Bristol-Myers Squibb,2026-09-07,ma_activity,[ma_activity] Atrium Therapeutics Earns $15 Million Milestone Payment from Bristol Myers Squibb Under Global Cardiovascular Collaboration,Atrium Therapeutics Earns $15 Million Milestone Payment from Bristol Myers Squibb Under Global Cardiovascular Collaboration,serpapi_news,https://www.prnewswire.com/news-releases/atrium-therapeutics-earns-15-million-milestone-payment-from-bristol-myers-squibb-under-global-cardiovascular-collaboration-302850610.html,2026-08-13
Bristol-Myers Squibb,2026-09-07,other,[other] Pharmacy giant Bristol Myers Squibb to build $2.3B Houston factory,Pharmacy giant Bristol Myers Squibb to build $2.3B Houston factory,serpapi_news,https://abc13.com/post/pharmacy-giant-bristol-myers-squibb-build-23b-houston-factory/19669360/,2026-08-12
Bristol-Myers Squibb,2026-09-07,ma_activity,[ma_activity] Chai tees up Bristol Myers Squibb AI antibody discovery collab,Chai tees up Bristol Myers Squibb AI antibody discovery collab,serpapi_news,https://www.fiercebiotech.com/medtech/chai-tees-bristol-myers-squibb-ai-antibody-discovery-collab-deal,2026-08-20
Bristol-Myers Squibb,2026-09-07,new_product,"[new_product] Bristol Myers Squibb (BMY) Wins FDA Approval, Is The Stock Fully Priced?","Bristol Myers Squibb (BMY) Wins FDA Approval, Is The Stock Fully Priced?",serpapi_news,https://finance.yahoo.com/healthcare/articles/bristol-myers-squibb-bmy-wins-191013366.html,2026-08-14
Bristol-Myers Squibb,2026-09-07,other,[other] Bristol Myers to build $2.3 billion manufacturing site in Houston,Bristol Myers to build $2.3 billion manufacturing site in Houston,serpapi_news,https://www.reuters.com/legal/litigation/bristol-myers-build-23-billion-manufacturing-site-houston-2026-08-10/,2026-08-10
Bristol-Myers Squibb,2026-09-07,ma_activity,[ma_activity] AstraZeneca PLC (AZN) vs. Bristol-Myers Squibb Company (BMY): Wall Street Doesn’t Buy This Merger Talk,AstraZeneca PLC (AZN) vs. Bristol-Myers Squibb Company (BMY): Wall Street Doesn’t Buy This Merger Talk,serpapi_news,https://finance.yahoo.com/markets/stocks/articles/astrazeneca-plc-azn-vs-bristol-193445815.html,2026-08-11
Bristol-Myers Squibb,2026-09-07,new_product,[new_product] US FDA approves Bristol Myers' blood cancer treatment,US FDA approves Bristol Myers' blood cancer treatment,serpapi_news,https://www.reuters.com/legal/litigation/us-fda-approves-bristol-myers-blood-cancer-treatment-2026-08-13/,2026-08-14
Sanofi,2026-09-07,ma_activity,"[ma_activity] Sanofi to lay off 229 workers in Mass., a year after $9.1B Blueprint Medicines acquisition","Sanofi to lay off 229 workers in Mass., a year after $9.1B Blueprint Medicines acquisition",serpapi_news,https://www.statnews.com/2026/08/17/sanofi-layoffs-mass-blueprint-medicines/,2026-08-17
Sanofi,2026-09-07,ma_activity,"[ma_activity] Sanofi to lay off 229 Blueprint Medicines staffers, close Cambridge offices following acquisition","Sanofi to lay off 229 Blueprint Medicines staffers, close Cambridge offices following acquisition",serpapi_news,https://www.fiercepharma.com/pharma/sanofi-lay-229-blueprint-medicines-staff-close-cambridge-offices-following-acquisition,2026-08-17
Sanofi,2026-09-07,ma_activity,[ma_activity] Sanofi lays off 229 Blueprint workers following $9.1B acquisition,Sanofi lays off 229 Blueprint workers following $9.1B acquisition,serpapi_news,https://www.bizjournals.com/boston/news/2026/08/14/sanofi-blueprint-worker-layoffs-acquisition.html,2026-08-14
Sanofi,2026-09-07,ma_activity,"[ma_activity] Sanofi to lay off 229 Blueprint employees, close offices","Sanofi to lay off 229 Blueprint employees, close offices",serpapi_news,https://pharmaphorum.com/news/sanofi-lay-229-blueprint-employees-close-offices,2026-08-17
Sanofi,2026-09-07,ma_activity,"[ma_activity] Sanofi, Pangaea ink AI partnership deal to detect underdiagnosed genetic disease","Sanofi, Pangaea ink AI partnership deal to detect underdiagnosed genetic disease",serpapi_news,https://www.fiercebiotech.com/medtech/sanofi-pangaea-ink-partnership-deal-detect-underdiagnosed-genetic-disease,2026-06-22
Sanofi,2026-09-07,tech_platform,[tech_platform] Enterprise lab-in-the-loop on AWS: How Sanofi is compressing drug discovery from years to weeks,Enterprise lab-in-the-loop on AWS: How Sanofi is compressing drug discovery from years to weeks,serpapi_news,https://aws.amazon.com/blogs/industries/enterprise-lab-in-the-loop-on-aws-how-sanofi-is-compressing-drug-discovery-from-years-to-weeks/,2026-08-19
Sanofi,2026-09-07,tech_platform,[tech_platform] VivaTech 2026: Scaling Artificial Intelligence in Healthcare to Deliver Faster for Patients,VivaTech 2026: Scaling Artificial Intelligence in Healthcare to Deliver Faster for Patients,serpapi_news,https://www.sanofi.com/en/magazine/ai-in-healthcare/viva-tech-2026,2026-06-16
Sanofi,2026-09-07,tech_platform,[tech_platform] Sanofi Chooses Snowflake to Accelerate its AI-Powered Drug Development,Sanofi Chooses Snowflake to Accelerate its AI-Powered Drug Development,serpapi_news,https://www.snowflake.com/en/news/press-releases/sanofi-chooses-snowflake-to-accelerate-its-ai-powered-drug-development/,2026-06-02
Sanofi,2026-09-07,new_product,[new_product] Sanofi pauses mid-stage lung study amid new CEO’s ‘rigorous portfolio prioritization’,Sanofi pauses mid-stage lung study amid new CEO’s ‘rigorous portfolio prioritization’,serpapi_news,https://www.biospace.com/business/sanofi-pauses-mid-stage-lung-study-amid-new-ceos-rigorous-portfolio-prioritization,2026-08-06
Sanofi,2026-09-07,new_product,"[new_product] Sanofi suspends chronic lung disease phase 2 study, tied to ‘strategic business reasons’","Sanofi suspends chronic lung disease phase 2 study, tied to ‘strategic business reasons’",serpapi_news,https://www.fiercebiotech.com/biotech/sanofi-suspends-chronic-lung-disease-phase-2-study-tied-strategic-business-reasons,2026-08-05
Sanofi,2026-09-07,new_product,[new_product] Sanofi's Oral TREM2 Agonist SAR448851 Advances to Phase 2 TREMHANCE Trial in Early Alzheimer Disease,Sanofi's Oral TREM2 Agonist SAR448851 Advances to Phase 2 TREMHANCE Trial in Early Alzheimer Disease,serpapi_news,https://www.neurologylive.com/view/sanofi-oral-trem2-agonist-sar448851-advances-phase-2-tremhance-trial-early-alzheimers,2026-07-18
Sanofi,2026-09-07,new_product,[new_product] Sanofi Discontinues Development of OX40L Inhibitor Amlitelimab in Atopic Dermatitis,Sanofi Discontinues Development of OX40L Inhibitor Amlitelimab in Atopic Dermatitis,serpapi_news,https://www.dermatologytimes.com/view/sanofi-discontinues-development-of-ox40l-inhibitor-amlitelimab-in-atopic-dermatitis,2026-07-24
Sanofi,2026-09-07,new_product,[new_product] Sanofi halts development of troubled immune drug in eczema,Sanofi halts development of troubled immune drug in eczema,serpapi_news,https://www.biopharmadive.com/news/sanofi-amlitelimab-atopic-dermatitis-eczema-shelved/826132/,2026-07-24
Sanofi,2026-09-07,new_product,[new_product] Sanofi (ENXTPA:SAN) Permanently Halted Its Phase 3 Infant RSV Vaccine Trial,Sanofi (ENXTPA:SAN) Permanently Halted Its Phase 3 Infant RSV Vaccine Trial,serpapi_news,https://finance.yahoo.com/healthcare/articles/sanofi-enxtpa-san-permanently-halted-181014220.html,2026-08-29
Sanofi,2026-09-07,other,[other] Sanofi is Proud to Welcome New Executive Committee,Sanofi is Proud to Welcome New Executive Committee,serpapi_news,https://oncodaily.com/voices/sanofi-578985,2026-09-01
Sanofi,2026-09-07,other,[other] Sanofi continues tweaks to executive roster as new CEO Garijo settles in,Sanofi continues tweaks to executive roster as new CEO Garijo settles in,serpapi_news,https://www.fiercepharma.com/pharma/sanofi-continues-tweaks-executive-roster-new-ceo-garijo-settles,2026-07-21
Sanofi,2026-09-07,other,[other] FDA calls out Sanofi emails for giving 'misleading impression' of Beyfortus use in RSV,FDA calls out Sanofi emails for giving 'misleading impression' of Beyfortus use in RSV,serpapi_news,https://www.fiercepharma.com/marketing/fda-untitled-letter-calls-out-sanofi-emails-misleading-impression-beyfortus-indication,2026-07-22
Sanofi,2026-09-07,new_product,[new_product] Sanofi abandons eczema drug approval efforts in another blow to OX40 class,Sanofi abandons eczema drug approval efforts in another blow to OX40 class,serpapi_news,https://www.pharmaceutical-technology.com/news/sanofi-abandons-eczema-ad-drug-approval-efforts/,2026-07-24
Sanofi,2026-09-07,other,[other] New CEO Garijo sketches out vision to reverse Sanofi's fortunes as Q2 delivers impressive sales beat,New CEO Garijo sketches out vision to reverse Sanofi's fortunes as Q2 delivers impressive sales beat,serpapi_news,https://www.fiercepharma.com/pharma/new-ceo-garijo-sketches-out-vision-reverse-sanofis-fortunes-q2-delivers-impressive-sales,2026-07-30
Sanofi,2026-09-07,new_product,[new_product] US FDA approves Sanofi's wearable injector form of blood cancer drug,US FDA approves Sanofi's wearable injector form of blood cancer drug,serpapi_news,https://www.reuters.com/business/healthcare-pharmaceuticals/us-fda-approves-sanofis-wearable-injector-form-blood-cancer-drug-2026-07-10/,2026-07-10
Sanofi,2026-09-07,ma_activity,[ma_activity] Sanofi-backed Expedition uses $115M series B to advance COPD drug on phase 2 journey,Sanofi-backed Expedition uses $115M series B to advance COPD drug on phase 2 journey,serpapi_news,https://www.fiercebiotech.com/biotech/expedition-lands-115m-series-b-advance-phase-2-copd-trial,2026-08-05
Sanofi,2026-09-07,new_product,[new_product] Sanofi stops immune drug trial in latest research setback,Sanofi stops immune drug trial in latest research setback,serpapi_news,https://www.biopharmadive.com/news/sanofi-rilipubart-cidp-fail-vigil/822472/,2026-06-10
Sanofi,2026-09-07,other,[other] Sanofi unit in Ireland chided by FDA over manufacturing flubs linked to Altuviiio,Sanofi unit in Ireland chided by FDA over manufacturing flubs linked to Altuviiio,serpapi_news,https://www.fiercepharma.com/pharma/sanofi-unit-ireland-chided-fda-over-manufacturing-flubs-linked-altuviiio,2026-07-01
Novo Nordisk,2026-09-07,new_product,[new_product] Novo Nordisk Says Wegovy Shot Helped Children Lose Weight in Trial,Novo Nordisk Says Wegovy Shot Helped Children Lose Weight in Trial,serpapi_news,https://www.wsj.com/health/pharma/novo-nordisk-says-wegovy-shot-helped-children-lose-weight-in-trial-c289fd1e,2026-09-07
Novo Nordisk,2026-09-07,new_product,[new_product] Novo’s Wegovy Helps Kids as Young as Six With Obesity,Novo’s Wegovy Helps Kids as Young as Six With Obesity,serpapi_news,https://www.bloomberg.com/news/articles/2026-09-07/novo-s-wegovy-helps-kids-as-young-as-six-with-obesity,2026-09-07
Novo Nordisk,2026-09-07,new_product,[new_product] Positive results for Novo Nordisk STEP Young Phase III trial in children,Positive results for Novo Nordisk STEP Young Phase III trial in children,serpapi_news,https://www.thepharmaletter.com/pharma-news/positive-results-for-novo-nordisk-step-young-phase-iii-trial-in-children,2026-09-07
Novo Nordisk,2026-09-07,new_product,[new_product] Novo Nordisk's IL-6 drug flunks two more heart trials,Novo Nordisk's IL-6 drug flunks two more heart trials,serpapi_news,https://pharmaphorum.com/news/novo-nordisks-il-6-drug-flunks-two-more-heart-trials,2026-09-07
Novo Nordisk,2026-09-07,new_product,[new_product] Novo Nordisk’s ziltivekimab stumbles again on pair of Phase III terminations,Novo Nordisk’s ziltivekimab stumbles again on pair of Phase III terminations,serpapi_news,https://www.clinicaltrialsarena.com/news/novo-nordisk-ziltivekimab-phase-iii-terminations/,2026-09-07
Novo Nordisk,2026-09-07,new_product,[new_product] Novo Nordisk says semaglutide cut obesity rates in young children in trial,Novo Nordisk says semaglutide cut obesity rates in young children in trial,serpapi_news,https://www.ksl.com/article/51620947/novo-nordisk-says-semaglutide-cut-obesity-rates-in-young-children-in-trial,2026-09-07
Novo Nordisk,2026-09-07,other,[other] Novo Nordisk A/S - share repurchase programme,Novo Nordisk A/S - share repurchase programme,serpapi_news,https://www.globenewswire.com/news-release/2026/09/07/3357083/0/en/novo-nordisk-a-s-share-repurchase-programme.html,2026-09-07
Novo Nordisk,2026-09-07,new_product,[new_product] Novo’s blockbuster hopes for CKD program dwindle after more phase 3 trials scrapped,Novo’s blockbuster hopes for CKD program dwindle after more phase 3 trials scrapped,serpapi_news,https://www.fiercebiotech.com/biotech/novos-blockbuster-hopes-ckd-program-dwindle-after-more-phase-3-trials-scrapped,2026-09-07
Novo Nordisk,2026-09-07,new_product,[new_product] Novo Nordisk trial shows semaglutide helped 40% of children,Novo Nordisk trial shows semaglutide helped 40% of children,serpapi_news,https://www.investing.com/news/stock-market-news/novo-nordisk-trial-shows-semaglutide-helped-40-of-children-93CH-4890597,2026-09-07
Novo Nordisk,2026-09-07,new_product,[new_product] Novo Nordisk discontinues two trials of a heart medication,Novo Nordisk discontinues two trials of a heart medication,serpapi_news,https://medwatch.com/News/Pharma___Biotech/article19617936.ece,2026-09-07
Novo Nordisk,2026-09-07,new_product,[new_product] Novo Nordisk Ends Heart Disease Drug Trials in Fresh Setback,Novo Nordisk Ends Heart Disease Drug Trials in Fresh Setback,serpapi_news,https://www.bloomberg.com/news/articles/2026-09-07/novo-nordisk-ends-heart-disease-drug-trials-in-fresh-setback,2026-09-07
Novo Nordisk,2026-09-07,new_product,[new_product] Novo Nordisk STEP Young phase 3 data: 40.4% of children,Novo Nordisk STEP Young phase 3 data: 40.4% of children,serpapi_news,https://www.globenewswire.com/news-release/2026/09/07/3357042/0/en/novo-nordisk-step-young-phase-3-data-40-4-of-children-living-with-obesity-achieved-a-bmi-below-the-obesity-threshold-with-semaglutide-and-lifestyle-modification.html,2026-09-07
Novo Nordisk,2026-09-07,new_product,[new_product] Novo Nordisk meets target for weight-loss drug for children,Novo Nordisk meets target for weight-loss drug for children,serpapi_news,https://medwatch.com/News/Pharma___Biotech/article19618041.ece,2026-09-07
Novo Nordisk,2026-09-07,new_product,[new_product] Novo Nordisk Semaglutide Trial Shows 40.4% of Children Moved Below Obesity BMI Threshold,Novo Nordisk Semaglutide Trial Shows 40.4% of Children Moved Below Obesity BMI Threshold,serpapi_news,https://www.yahoo.com/news/science/articles/novo-nordisk-semaglutide-trial-shows-120847949.html,2026-09-07
Novo Nordisk,2026-09-07,new_product,[new_product] Novo Nordisk nears important decision on hemophilia medication,Novo Nordisk nears important decision on hemophilia medication,serpapi_news,https://medwatch.com/News/Pharma___Biotech/article19617846.ece,2026-09-07
Novo Nordisk,2026-09-07,new_product,[new_product] Two in five children moved below the obesity threshold after weekly treatment,Two in five children moved below the obesity threshold after weekly treatment,serpapi_news,https://www.stocktitan.net/news/NVO/novo-nordisk-step-young-phase-3-data-40-4-of-children-living-with-q0iw132o058r.html,2026-09-07
Novo Nordisk,2026-09-07,new_product,[new_product] Novo Nordisk launches Wegovy weight-loss pill in Germany,Novo Nordisk launches Wegovy weight-loss pill in Germany,serpapi_news,https://www.reuters.com/legal/litigation/novo-nordisk-launches-wegovy-weight-loss-pill-germany-2026-09-01/,2026-09-01
Novo Nordisk,2026-09-07,new_product,[new_product] Weight-loss drug shows promise in children as young as 6 in early trial,Weight-loss drug shows promise in children as young as 6 in early trial,serpapi_news,https://www.ynetnews.com/health_science/article/sj0nlb2ugg,2026-09-07
Novo Nordisk,2026-09-07,new_product,[new_product] Wegovy Maker Novo Nordisk Says Semaglutide Cleared Obesity In 40% Of Children Tested,Wegovy Maker Novo Nordisk Says Semaglutide Cleared Obesity In 40% Of Children Tested,serpapi_news,https://www.ndtvprofit.com/science/wegovy-maker-novo-nordisk-says-semaglutide-cleared-obesity-in-40-of-children-tested-12013643,2026-09-07
Novo Nordisk,2026-09-07,new_product,[new_product] Novo Nordisk reports semaglutide child obesity trial data,Novo Nordisk reports semaglutide child obesity trial data,serpapi_news,https://grafa.com/en/news/united-states/novo-nordisk-step-young-semaglutide-child-obesity-trial,2026-09-07
Novo Nordisk,2026-09-07,tech_platform,[tech_platform] Clever Culture Systems Says Novo Nordisk Expand Use Of Apas Independence,Clever Culture Systems Says Novo Nordisk Expand Use Of Apas Independence,serpapi_news,"https://www.tradingview.com/news/reuters.com,2026:newsml_TUE6QW59T:0-clever-culture-systems-says-novo-nordisk-expand-use-of-apas-independence/",2026-09-07
Novo Nordisk,2026-09-07,other,[other] Novo Nordisk Announces Two R&D Leadership Changes,Novo Nordisk Announces Two R&D Leadership Changes,serpapi_news,https://healthcare-digital.com/news/novo-nordisk-announces-two-r-d-leadership-changes,2026-09-01
Novo Nordisk,2026-09-07,new_product,[new_product] Wegovy’s German Debut Opens a New Front for Novo Nordisk (NVO),Wegovy’s German Debut Opens a New Front for Novo Nordisk (NVO),serpapi_news,https://finance.yahoo.com/healthcare/articles/wegovy-german-debut-opens-front-014825802.html,2026-09-03
Novo Nordisk,2026-09-07,tech_platform,[tech_platform] Clever Culture has new Novo Nordisk win,Clever Culture has new Novo Nordisk win,serpapi_news,https://www.theaustralian.com.au/business/stockhead/content/clever-culture-gets-another-big-pharma-bite-from-novo-nordisk/news-story/44f30081bdfb51190fb19b3bd3ad9746,2026-09-07
GSK,2026-09-07,ma_activity,[ma_activity] GSK Pays $110M for Phase 1-Ready Hutchmed Asset in a New Class of Cancer Drugs,GSK Pays $110M for Phase 1-Ready Hutchmed Asset in a New Class of Cancer Drugs,serpapi_news,https://medcitynews.com/2026/09/gsk-hutchmed-antibody-targeted-therapy-conjugate-attc-lung-colorectal-pancreatic-cancer/,2026-09-07
GSK,2026-09-07,new_product,[new_product] GSK to advance mRNA seasonal flu vaccine candidate to phase III following positive phase II data,GSK to advance mRNA seasonal flu vaccine candidate to phase III following positive phase II data,serpapi_news,https://www.gsk.com/en-gb/media/press-releases/gsk-to-advance-mrna-seasonal-flu-vaccine-candidate-to-phase-iii-following-positive-phase-ii-data/,2026-09-02
GSK,2026-09-07,ma_activity,[ma_activity] GSK pens $1.3B Hutchmed deal for KRAS-EGFR cancer asset,GSK pens $1.3B Hutchmed deal for KRAS-EGFR cancer asset,serpapi_news,https://www.fiercebiotech.com/biotech/gsk-pens-13b-hutchmed-deal-early-stage-kras-egfr-cancer-asset,2026-09-03
GSK,2026-09-07,ma_activity,[ma_activity] HUTCHMED (China) signs licensing deal with GSK for experimental solid tumour drug,HUTCHMED (China) signs licensing deal with GSK for experimental solid tumour drug,serpapi_news,https://www.reuters.com/business/healthcare-pharmaceuticals/hutchmed-china-signs-licensing-deal-with-gsk-experimental-solid-tumour-drug-2026-09-03/,2026-09-03
GSK,2026-09-07,new_product,[new_product] GSK hopes to take on Moderna as it moves mRNA flu vaccine to Phase III trial,GSK hopes to take on Moderna as it moves mRNA flu vaccine to Phase III trial,serpapi_news,https://www.clinicaltrialsarena.com/news/gsk-mrna-flu-vaccine-moves-to-phase-iii/,2026-09-01
GSK,2026-09-07,ma_activity,[ma_activity] GSK wagers up to $1.3B on a different kind of cancer drug,GSK wagers up to $1.3B on a different kind of cancer drug,serpapi_news,https://www.biopharmadive.com/news/gsk-hutchmed-egfr-kras-cancer-drug-deal-china/829542/,2026-09-03
GSK,2026-09-07,ma_activity,"[ma_activity] GSK inks another Asia alliance, betting up to $1.3B for HUTCHMED’s cancer therapy","GSK inks another Asia alliance, betting up to $1.3B for HUTCHMED’s cancer therapy",serpapi_news,https://www.biospace.com/deals/gsk-inks-another-asia-alliance-betting-up-to-1-3b-for-hutchmeds-cancer-therapy,2026-09-03
GSK,2026-09-07,new_product,[new_product] GSK’s mRNA Flu Vaccine Heads to Phase III,GSK’s mRNA Flu Vaccine Heads to Phase III,serpapi_news,https://globalbiodefense.com/2026/09/02/gsks-mrna-flu-vaccine-heads-to-phase-iii/,2026-09-02
GSK,2026-09-07,new_product,[new_product] GSK kicks off Phase III studies to bring TSLP blockade to COPD,GSK kicks off Phase III studies to bring TSLP blockade to COPD,serpapi_news,https://firstwordpharma.com/story/7902502,2026-08-21
GSK,2026-09-07,new_product,[new_product] GSK to Advance mRNA Influenza Vaccine Into Phase III Development,GSK to Advance mRNA Influenza Vaccine Into Phase III Development,serpapi_news,https://finance.yahoo.com/healthcare/articles/gsk-advance-mrna-influenza-vaccine-151100813.html,2026-09-02
GSK,2026-09-07,ma_activity,[ma_activity] Hutchmed rises on $1.3bn KRAS licensing deal with GSK,Hutchmed rises on $1.3bn KRAS licensing deal with GSK,serpapi_news,https://pharmaphorum.com/news/hutchmed-rises-13bn-kras-licensing-deal-gsk,2026-09-03
GSK,2026-09-07,ma_activity,[ma_activity] GSK licenses HUTCHMED’s solid tumour conjugate in up to $1.3bn deal,GSK licenses HUTCHMED’s solid tumour conjugate in up to $1.3bn deal,serpapi_news,https://www.pharmaceutical-technology.com/news/gsk-licenses-hutchmeds-solid-tumour-conjugate-in-up-to-1-3bn-deal/,2026-09-03
GSK,2026-09-07,ma_activity,[ma_activity] A&O Shearman Advises GSK on HUTCHMED License Agreement,A&O Shearman Advises GSK on HUTCHMED License Agreement,serpapi_news,https://www.aoshearman.com/en/news/ao-shearman-supports-gsk-on-its-antibody-conjugate-cancer-therapy-license-agreement-with-hutchmed,2026-09-04
GSK,2026-09-07,new_product,[new_product] GSK to advance mRNA flu vaccine to late-stage trial,GSK to advance mRNA flu vaccine to late-stage trial,serpapi_news,https://www.reuters.com/business/healthcare-pharmaceuticals/gsk-advance-mrna-flu-vaccine-late-stage-trial-2026-09-01/,2026-09-01
GSK,2026-09-07,new_product,[new_product] GSK plans phase 3 after mRNA flu vaccine beats standard shots,GSK plans phase 3 after mRNA flu vaccine beats standard shots,serpapi_news,https://www.fiercebiotech.com/biotech/gsk-catches-phase-3-fever-after-mrna-flu-vaccine-beats-standard-shots,2026-09-01
GSK,2026-09-07,ma_activity,[ma_activity] HUTCHMED Licenses HMPL-A830 to GSK in $1.3 Billion KRAS-EGFR Deal,HUTCHMED Licenses HMPL-A830 to GSK in $1.3 Billion KRAS-EGFR Deal,serpapi_news,https://www.biopharminternational.com/view/hutchmed-hmpl-a830-gsk-kras-egfr-deal,2026-09-03
GSK,2026-09-07,ma_activity,[ma_activity] GSK pays up to $1.3B for HUTCHMED's experimental KRAS-EGFR conjugate,GSK pays up to $1.3B for HUTCHMED's experimental KRAS-EGFR conjugate,serpapi_news,https://firstwordpharma.com/story/7944820,2026-09-03
GSK,2026-09-07,new_product,"[new_product] GSK scores regulatory wins for chronic hepatitis B drug, cancer therapy","GSK scores regulatory wins for chronic hepatitis B drug, cancer therapy",serpapi_news,https://www.reuters.com/business/healthcare-pharmaceuticals/gsk-scores-regulatory-wins-chronic-hepatitis-b-drug-cancer-therapy-2026-08-24/,2026-08-24
GSK,2026-09-07,ma_activity,[ma_activity] HUTCHMED grants GSK rights to cancer drug candidate,HUTCHMED grants GSK rights to cancer drug candidate,serpapi_news,https://www.bioxconomy.com/partnering/hutchmed-lands-1-3bn-gsk-deal-for-cancer-therapy,2026-09-04
GSK,2026-09-07,ma_activity,"[ma_activity] Hutchmed, GSK Ink $1.3B Cancer Drug Deal","Hutchmed, GSK Ink $1.3B Cancer Drug Deal",serpapi_news,https://www.contractpharma.com/breaking-news/hutchmed-gsk-ink-1-3b-cancer-drug-deal/,2026-09-04
GSK,2026-09-07,new_product,[new_product] GSK (LSE:GSK) Wins First Global Approval For Chronic Hepatitis B Functional Cure,GSK (LSE:GSK) Wins First Global Approval For Chronic Hepatitis B Functional Cure,serpapi_news,https://finance.yahoo.com/healthcare/articles/gsk-lse-gsk-wins-first-030729976.html,2026-09-02
GSK,2026-09-07,ma_activity,[ma_activity] GSK bets $1.3B on KRAS-EGFR conjugate from HUTCHMED,GSK bets $1.3B on KRAS-EGFR conjugate from HUTCHMED,serpapi_news,https://european-biotechnology.com/latest-news/gsk-bets-1-3b-on-kras-egfr-conjugate-from-hutchmed/,2026-09-03
GSK,2026-09-07,new_product,[new_product] Utebzi (tebipenem pivoxil) approved in the US for adults with complicated urinary tract infections (cUTIs),Utebzi (tebipenem pivoxil) approved in the US for adults with complicated urinary tract infections (cUTIs),serpapi_news,https://www.gsk.com/en-gb/media/press-releases/utebzi-tebipenem-pivoxil-approved-in-the-us-for-adults-with-complicated-urinary-tract-infections-cutis/,2026-06-17
GSK,2026-09-07,new_product,[new_product] GSK to launch Phase 3 trial for mRNA-based flu vaccine amid resurgence for the modality,GSK to launch Phase 3 trial for mRNA-based flu vaccine amid resurgence for the modality,serpapi_news,https://www.biospace.com/drug-development/gsk-to-launch-phase-3-trial-for-mrna-based-flu-vaccine-amid-resurgence-for-the-modality,2026-09-01
Amgen,2026-09-07,new_product,[new_product] ESC: Amgen CMO flags Repatha 'inflection' amid new data on mortality benefit,ESC: Amgen CMO flags Repatha 'inflection' amid new data on mortality benefit,serpapi_news,https://www.fiercepharma.com/pharma/esc-amgen-cmo-flags-repatha-inflection-mortality-data-headline-cardiology-conference-outing,
Amgen,2026-09-07,new_product,[new_product] UK regulator suspends rare-disease drug Tavneos for new patients over unreliable data,UK regulator suspends rare-disease drug Tavneos for new patients over unreliable data,serpapi_news,https://www.reuters.com/legal/litigation/uk-regulator-suspends-amgens-tavneos-new-patients-over-unreliable-data-2026-09-01/,
Amgen,2026-09-07,new_product,[unconfirmed] [new_product] Tavneos no longer available for new patients in UK as Amgen awaits FDA hearing,Tavneos no longer available for new patients in UK as Amgen awaits FDA hearing,serpapi_news,https://www.biospace.com/policy/tavneos-no-longer-available-for-new-patients-in-uk-as-amgen-awaits-fda-hearing,
Amgen,2026-09-07,ma_activity,[ma_activity] Amgen abandoning $500M+ Crohn’s collab won’t derail TScan’s pipeline strategy,Amgen abandoning $500M+ Crohn’s collab won’t derail TScan’s pipeline strategy,serpapi_news,https://www.fiercebiotech.com/biotech/amgen-abandons-500m-inflammation-team-tscan-therapeutics,
Amgen,2026-09-07,new_product,[new_product] Amgen (AMGN) Says Repatha Reduced Mortality Before a First Heart Attack or Stroke. Can Earlier Use Expand the Market?,Amgen (AMGN) Says Repatha Reduced Mortality Before a First Heart Attack or Stroke. Can Earlier Use Expand the Market?,serpapi_news,https://finance.yahoo.com/healthcare/articles/amgen-amgn-says-repatha-reduced-155914575.html,
Amgen,2026-09-07,new_product,[new_product] AstraZeneca-Amgen asthma drug succeeds in late-stage oesophagus disease trial,AstraZeneca-Amgen asthma drug succeeds in late-stage oesophagus disease trial,serpapi_news,https://www.reuters.com/business/healthcare-pharmaceuticals/astrazenecas-asthma-drug-tezspire-meets-all-goals-late-stage-esophagitis-trial-2026-08-27/,
Amgen,2026-09-07,new_product,"[new_product] Amgen, AZ’s Tezspire lands phase 3 eosinophilic esophagitis win, turning up heat on Dupixent","Amgen, AZ’s Tezspire lands phase 3 eosinophilic esophagitis win, turning up heat on Dupixent",serpapi_news,https://www.fiercepharma.com/pharma/amgen-az-tezspire-phase-3-eosinophilic-esophagitis-turning-heat-dupixent,
Amgen,2026-09-07,other,[other] Amgen lays groundwork for new R&D center in Hyderabad,Amgen lays groundwork for new R&D center in Hyderabad,serpapi_news,https://www.fiercebiotech.com/biotech/amgen-lays-groundwork-new-rd-center-hyderabad,
Amgen,2026-09-07,ma_activity,"[ma_activity] Why MrBeast, Stand Up To Cancer, and Amgen Joined Forces to Support Pediatric Cancer Research","Why MrBeast, Stand Up To Cancer, and Amgen Joined Forces to Support Pediatric Cancer Research",serpapi_news,https://www.amgen.com/stories/2026/07/why-mrbeast-stand-up-to-cancer-and-amgen-joined-forces-to-support-pediatric-cancer-research,
Amgen,2026-09-07,new_product,"[new_product] Amgen Lifts Outlook on Strong Drug Sales, to End Early Development of Obesity Treatment","Amgen Lifts Outlook on Strong Drug Sales, to End Early Development of Obesity Treatment",serpapi_news,https://www.wsj.com/business/earnings/amgen-lifts-outlook-on-strong-drug-sales-to-end-early-development-of-obesity-treatment-b39cb729,
Amgen,2026-09-07,new_product,"[new_product] Pressure piles on Amgen after EU pulls Tavneos, flags ‘serious breaches’ in pivotal study","Pressure piles on Amgen after EU pulls Tavneos, flags ‘serious breaches’ in pivotal study",serpapi_news,https://www.biospace.com/business/pressure-piles-on-amgen-after-eu-pulls-tavneos-flags-serious-breaches-in-pivotal-study,
Amgen,2026-09-07,new_product,"[new_product] AstraZeneca, Amgen notch another late-stage win for Tezspire, this time in esophagitis","AstraZeneca, Amgen notch another late-stage win for Tezspire, this time in esophagitis",serpapi_news,https://www.biospace.com/drug-development/astrazeneca-amgen-notch-another-late-stage-win-for-tezspire-this-time-in-esophagitis,
Amgen,2026-09-07,new_product,"[unconfirmed] [new_product] New data could widen use of AstraZeneca, Amgen immune disease drug","New data could widen use of AstraZeneca, Amgen immune disease drug",serpapi_news,https://www.biopharmadive.com/news/astrazeneca-amgen-tezpire-eosinophilic-esophagitis-results/828946/,
Amgen,2026-09-07,new_product,[unconfirmed] [new_product] TEZSPIRE’s Positive EoE Phase 3 Results Could Be A Game Changer For Amgen (AMGN),TEZSPIRE’s Positive EoE Phase 3 Results Could Be A Game Changer For Amgen (AMGN),serpapi_news,https://finance.yahoo.com/healthcare/articles/tezspire-positive-eoe-phase-3-210918356.html,
Amgen,2026-09-07,other,[other] Amgen sheds around 40 staffers as struggles mount,Amgen sheds around 40 staffers as struggles mount,serpapi_news,https://www.fiercebiotech.com/biotech/amgen-sheds-around-40-staffers-struggles-pile-tavneos-pipeline,
Amgen,2026-09-07,other,[other] Drug giant spends millions buying Wake County land for billion-dollar expansion,Drug giant spends millions buying Wake County land for billion-dollar expansion,serpapi_news,https://www.bizjournals.com/triangle/news/2026/08/06/amgen-acquires-land-holly-springs-expansion.html,
Amgen,2026-09-07,new_product,"[new_product] Amgen drops ph. 1 obesity drug, upping pressure on MariTide","Amgen drops ph. 1 obesity drug, upping pressure on MariTide",serpapi_news,https://www.fiercebiotech.com/biotech/amgen-drops-early-stage-obesity-drug-upping-pressure-maritide,2026-08-04
Amgen,2026-09-07,new_product,[new_product] One Of Amgen's Biggest Moneymakers Cuts The Risk Of Dying By 20%,One Of Amgen's Biggest Moneymakers Cuts The Risk Of Dying By 20%,serpapi_news,https://www.investors.com/news/technology/amgen-repatha-ldl-cholesterol-death-heart-attack-stroke-risk/,2026-08-31
Amgen,2026-09-07,new_product,[new_product] Amgen (NASDAQ: AMGN) today announced new findings showing Repatha ® (evolocumab) reduced the risk of death in high-risk adults without a prior heart attack or stroke when added to statins or other low,Amgen (NASDAQ: AMGN) today announced new findings showing Repatha ® (evolocumab) reduced the risk of death in high-risk adults without a prior heart attack or stroke when added to statins or other low-density lipoprotein cholesterol (LDL-C)-lowering treatments.,exa_q1,https://www.amgen.com/newsroom/press-releases/2026/08/amgens-repatha-reduces-risk-of-death-in-patients-at-high-risk-for-a-first-heart-attack-or-stroke,2026-08-31
Amgen,2026-09-07,new_product,"[new_product] In a study of more than 12,000 high-risk patients, Repatha helped reduce the risk of dying by 20%.","In a study of more than 12,000 high-risk patients, Repatha helped reduce the risk of dying by 20%.",exa_q1,https://www.amgen.com/newsroom/press-releases/2026/08/amgens-repatha-reduces-risk-of-death-in-patients-at-high-risk-for-a-first-heart-attack-or-stroke,2026-08-31
Amgen,2026-09-07,other,"[other] NEJM Retracts Tavneos Trial Paper as FDA, EMA Both Move to Pull Amgen Drug From Market","NEJM Retracts Tavneos Trial Paper as FDA, EMA Both Move to Pull Amgen Drug From Market",serpapi_news,https://www.appliedclinicaltrialsonline.com/view/nejm-retracts-tavneos-trial-fda-ema-amgen-drug-market,2026-06-30
Amgen,2026-09-07,other,[other] Amgen continues to defend Tavneos as global regulatory pressure mounts,Amgen continues to defend Tavneos as global regulatory pressure mounts,serpapi_news,https://www.biospace.com/business/amgen-continues-to-defend-tavneos-as-global-regulatory-pressure-mounts,2026-07-10
Amgen,2026-09-07,other,[other] AMGEN ANNOUNCES RETIREMENT OF CHIEF FINANCIAL OFFICER PETER GRIFFITH,AMGEN ANNOUNCES RETIREMENT OF CHIEF FINANCIAL OFFICER PETER GRIFFITH,serpapi_news,https://www.prnewswire.com/news-releases/amgen-announces-retirement-of-chief-financial-officer-peter-griffith-302776750.html,2026-05-19
Amgen,2026-09-07,other,"[other] AMGEN ANNOUNCES ADDITIONAL $300 MILLION U.S. MANUFACTURING INVESTMENT, TOTALING NEARLY $2 BILLION OVER THE LAST YEAR","AMGEN ANNOUNCES ADDITIONAL $300 MILLION U.S. MANUFACTURING INVESTMENT, TOTALING NEARLY $2 BILLION OVER THE LAST YEAR",serpapi_news,https://www.prnewswire.com/news-releases/amgen-announces-additional-300-million-us-manufacturing-investment-totaling-nearly-2-billion-over-the-last-year-302760752.html,2026-05-04
Takeda,2026-09-07,new_product,"[new_product] US FDA approves Takeda, Protagonist's drug for rare blood cancer","US FDA approves Takeda, Protagonist's drug for rare blood cancer",serpapi_news,https://www.reuters.com/legal/litigation/us-fda-approves-takeda-protagonists-drug-rare-blood-cancer-2026-08-28/,2026-08-31
Takeda,2026-09-07,new_product,[new_product] Takeda bolsters blood cancer portfolio with FDA nod for Mimrylo in polycythemia vera,Takeda bolsters blood cancer portfolio with FDA nod for Mimrylo in polycythemia vera,serpapi_news,https://www.fiercepharma.com/pharma/takeda-bolsters-blood-cancer-portfolio-fda-approval-mimrylo-polycythemia-vera,2026-08-28
Takeda,2026-09-07,tech_platform,[tech_platform] Weave Bio Announces Collaboration with Takeda to Deploy AI-Native Regulatory Automation Across Key Drug Development Activities,Weave Bio Announces Collaboration with Takeda to Deploy AI-Native Regulatory Automation Across Key Drug Development Activities,serpapi_news,https://www.businesswire.com/news/home/20260901015612/en/Weave-Bio-Announces-Collaboration-with-Takeda-to-Deploy-AI-Native-Regulatory-Automation-Across-Key-Drug-Development-Activities,2026-09-01
Takeda,2026-09-07,tech_platform,[tech_platform] Takeda and Weave Bio collaborate on AI-driven automation in drug development,Takeda and Weave Bio collaborate on AI-driven automation in drug development,serpapi_news,https://www.pharmaceutical-technology.com/news/takeda-weave-bio-ai-driven-drug-development/,2026-09-02
Takeda,2026-09-07,ma_activity,[ma_activity] Insilico Medicine Announces Collaboration with Takeda to Advance Strategic AI Drug Discovery,Insilico Medicine Announces Collaboration with Takeda to Advance Strategic AI Drug Discovery,serpapi_news,https://insilico.com/news/4ifuiaal01-insilico-medicine-announces-collaboratio,2026-07-01
Takeda,2026-09-07,new_product,"[new_product] FDA OKs Takeda, Protagonist drug for rare blood cancer","FDA OKs Takeda, Protagonist drug for rare blood cancer",serpapi_news,https://www.biopharmadive.com/news/fda-approve-mimrylo-takeda-protagonist-polycythemia-vera/829153/,2026-08-31
Takeda,2026-09-07,new_product,"[new_product] Takeda Pharmaceutical (TSE:4502) Wins MIMRYLO Approval, Is The Stock Still Trading At A Discount?","Takeda Pharmaceutical (TSE:4502) Wins MIMRYLO Approval, Is The Stock Still Trading At A Discount?",serpapi_news,https://simplywall.st/stocks/jp/pharmaceuticals-biotech/tse-4502/takeda-pharmaceutical-shares/news/takeda-pharmaceutical-tse4502-wins-mimrylo-approval-is-the-s,2026-09-04
Takeda,2026-09-07,new_product,"[new_product] First-in-Class Takeda, Protagonist Drug Lands FDA Approval in Rare Blood Disorder","First-in-Class Takeda, Protagonist Drug Lands FDA Approval in Rare Blood Disorder",serpapi_news,https://medcitynews.com/2026/08/takeda-protagonist-rusfertide-mimrylo-polycythemia-vera-blood-cancer-mpn-pv-tak-pgtx/,2026-08-31
Takeda,2026-09-07,new_product,[new_product] Takeda approval ushers in new wave of sleep drugs,Takeda approval ushers in new wave of sleep drugs,serpapi_news,https://www.biopharmadive.com/news/takeda-fda-sleep-drug-approval-orexin-orzeyful-narcolepsy/827190/,2026-08-06
Takeda,2026-09-07,new_product,[new_product] US FDA approves Takeda's sleep disorder pill,US FDA approves Takeda's sleep disorder pill,serpapi_news,https://www.reuters.com/business/healthcare-pharmaceuticals/us-fda-approves-takedas-sleep-disorder-pill-2026-08-05/,2026-08-05
Takeda,2026-09-07,new_product,[new_product] Takeda gains FDA nod for first-in-class narcolepsy treatment Orzeyful,Takeda gains FDA nod for first-in-class narcolepsy treatment Orzeyful,serpapi_news,https://www.fiercepharma.com/pharma/takeda-gains-fda-nod-first-class-narcolepsy-treatment-orzeyful,2026-08-06
Takeda,2026-09-07,new_product,"[new_product] Takeda scraps another phase 2 celiac disease therapy, narrowing pipeline to one","Takeda scraps another phase 2 celiac disease therapy, narrowing pipeline to one",serpapi_news,https://www.fiercebiotech.com/biotech/takeda-scraps-another-phase-2-stage-celiac-disease-therapy-one-hope-left,2026-07-30
Takeda,2026-09-07,new_product,[new_product] Silence brings the noise to Takeda with phase 2 blood cancer win,Silence brings the noise to Takeda with phase 2 blood cancer win,serpapi_news,https://www.fiercebiotech.com/biotech/silence-brings-noise-takeda-phase-2-blood-cancer-win,2026-08-10
Takeda,2026-09-07,new_product,"[new_product] Takeda, Protagonist score broad FDA nod in rare blood cancer, setting up $2B opportunity","Takeda, Protagonist score broad FDA nod in rare blood cancer, setting up $2B opportunity",serpapi_news,https://www.biospace.com/fda/takeda-protagonist-score-broad-fda-nod-in-rare-blood-cancer-setting-up-2b-opportunity,2026-08-31
Takeda,2026-09-07,other,"[other] Takeda, slimming down for 'new era,' plots 4,500 layoffs in latest restructuring drive","Takeda, slimming down for 'new era,' plots 4,500 layoffs in latest restructuring drive",serpapi_news,https://www.fiercepharma.com/pharma/takeda-slimming-down-new-era-plots-4500-layoffs-latest-restructuring-drive,2026-05-13
Takeda,2026-09-07,ma_activity,[ma_activity] Boston Medical Center Publishes Year-One Findings of Collaboration with Takeda to Address Greenhouse Gas Emissions Hotspots in Healthcare,Boston Medical Center Publishes Year-One Findings of Collaboration with Takeda to Address Greenhouse Gas Emissions Hotspots in Healthcare,serpapi_news,https://www.bmc.org/news/boston-medical-center-publishes-year-one-findings-collaboration-takeda-address-greenhouse-gas,2026-04-07
Takeda,2026-09-07,other,[other] Takeda expands cost-cutting drive with 4500 roles on the line,Takeda expands cost-cutting drive with 4500 roles on the line,serpapi_news,https://firstwordpharma.com/story/7426046,2026-05-13
Takeda,2026-09-07,new_product,[new_product] Takeda wins second drug approval in August as it eyes return to growth,Takeda wins second drug approval in August as it eyes return to growth,serpapi_news,https://www.bizjournals.com/boston/news/2026/08/28/takeda-wins-approval-for-two-drugs-in-one-month.html,2026-08-28
Takeda,2026-09-07,new_product,[new_product] Takeda Secures FDA Approval For First-In-Class Blood Cancer Drug,Takeda Secures FDA Approval For First-In-Class Blood Cancer Drug,serpapi_news,https://finance.yahoo.com/healthcare/articles/takeda-secures-fda-approval-first-163813261.html,2026-08-31
Takeda,2026-09-07,other,"[other] Christophe Weber, former CEO of Takeda, to present at the 13th Aging Research & Drug Discovery (ARDD) Meeting in Boston","Christophe Weber, former CEO of Takeda, to present at the 13th Aging Research & Drug Discovery (ARDD) Meeting in Boston",serpapi_news,https://www.eurekalert.org/news-releases/1140225,2026-08-14
